"date_time","price","quantity","symbol"
"Fri, 01 Aug 2014 09:32:00 GMT",172.16,-29,"GS"
"Fri, 01 Aug 2014 09:32:00 GMT",57.22,87,"JPM"
"Fri, 01 Aug 2014 09:58:00 GMT",88.39,-56,"PEP"
"Fri, 01 Aug 2014 09:58:00 GMT",39.2,127,"KO"
"Fri, 01 Aug 2014 10:22:00 GMT",88.54,56,"PEP"
"Fri, 01 Aug 2014 10:22:00 GMT",39.33,-127,"KO"
"Fri, 01 Aug 2014 12:07:00 GMT",169.51,29,"GS"
"Fri, 01 Aug 2014 12:07:00 GMT",56.14,-87,"JPM"
"Fri, 01 Aug 2014 13:35:00 GMT",88.41,56,"PEP"
"Fri, 01 Aug 2014 13:35:00 GMT",39.37,-126,"KO"
"Fri, 01 Aug 2014 14:08:00 GMT",88.59,-56,"PEP"
"Fri, 01 Aug 2014 14:08:00 GMT",39.41,126,"KO"
"Mon, 04 Aug 2014 09:32:00 GMT",170.63,29,"GS"
"Mon, 04 Aug 2014 09:32:00 GMT",56.79,-87,"JPM"
"Mon, 04 Aug 2014 09:33:00 GMT",56.78,-1,"JPM"
"Mon, 04 Aug 2014 09:36:00 GMT",88.33,-56,"PEP"
"Mon, 04 Aug 2014 09:36:00 GMT",39.24,127,"KO"
"Mon, 04 Aug 2014 09:37:00 GMT",171.06,-29,"GS"
"Mon, 04 Aug 2014 09:37:00 GMT",56.69,88,"JPM"
"Mon, 04 Aug 2014 09:43:00 GMT",170.92,-29,"GS"
"Mon, 04 Aug 2014 09:43:00 GMT",56.57,88,"JPM"
"Mon, 04 Aug 2014 09:51:00 GMT",170.55,29,"GS"
"Mon, 04 Aug 2014 09:51:00 GMT",56.63,-88,"JPM"
"Mon, 04 Aug 2014 11:23:00 GMT",89.07,56,"PEP"
"Mon, 04 Aug 2014 11:23:00 GMT",39.29,-127,"KO"
"Tue, 05 Aug 2014 09:39:00 GMT",171.46,-29,"GS"
"Tue, 05 Aug 2014 09:39:00 GMT",56.44,88,"JPM"
"Tue, 05 Aug 2014 09:42:00 GMT",89.63,-55,"PEP"
"Tue, 05 Aug 2014 09:42:00 GMT",39.38,126,"KO"
"Tue, 05 Aug 2014 09:46:00 GMT",39.33,1,"KO"
"Tue, 05 Aug 2014 10:04:00 GMT",170.11,29,"GS"
"Tue, 05 Aug 2014 10:04:00 GMT",56.15,-88,"JPM"
"Tue, 05 Aug 2014 10:37:00 GMT",89.52,55,"PEP"
"Tue, 05 Aug 2014 10:37:00 GMT",39.28,-127,"KO"
"Tue, 05 Aug 2014 11:37:00 GMT",89.45,55,"PEP"
"Tue, 05 Aug 2014 11:37:00 GMT",39.3,-127,"KO"
"Tue, 05 Aug 2014 12:20:00 GMT",89.6,-55,"PEP"
"Tue, 05 Aug 2014 12:20:00 GMT",39.35,127,"KO"
"Wed, 06 Aug 2014 09:33:00 GMT",90.76,55,"PEP"
"Wed, 06 Aug 2014 09:33:00 GMT",39.91,-125,"KO"
"Wed, 06 Aug 2014 09:34:00 GMT",168.65,29,"GS"
"Wed, 06 Aug 2014 09:34:00 GMT",56.03,-89,"JPM"
"Wed, 06 Aug 2014 09:55:00 GMT",169.85,-29,"GS"
"Wed, 06 Aug 2014 09:55:00 GMT",56.2,89,"JPM"
"Wed, 06 Aug 2014 10:24:00 GMT",89.99,-55,"PEP"
"Wed, 06 Aug 2014 10:24:00 GMT",39.66,125,"KO"
"Wed, 06 Aug 2014 15:02:00 GMT",169.72,29,"GS"
"Wed, 06 Aug 2014 15:02:00 GMT",56.17,-89,"JPM"
"Wed, 06 Aug 2014 15:12:00 GMT",169.84,-29,"GS"
"Wed, 06 Aug 2014 15:12:00 GMT",56.17,89,"JPM"
"Wed, 06 Aug 2014 15:58:00 GMT",169.66,29,"GS"
"Wed, 06 Aug 2014 15:58:00 GMT",56.23,-89,"JPM"
"Thu, 07 Aug 2014 09:35:00 GMT",170.64,-29,"GS"
"Thu, 07 Aug 2014 09:35:00 GMT",56.43,89,"JPM"
"Thu, 07 Aug 2014 09:39:00 GMT",170.31,29,"GS"
"Thu, 07 Aug 2014 09:39:00 GMT",56.42,-88,"JPM"
"Thu, 07 Aug 2014 09:51:00 GMT",170.38,-29,"GS"
"Thu, 07 Aug 2014 09:51:00 GMT",56.34,88,"JPM"
"Thu, 07 Aug 2014 12:42:00 GMT",169.18,29,"GS"
"Thu, 07 Aug 2014 12:42:00 GMT",56.03,-89,"JPM"
"Thu, 07 Aug 2014 13:00:00 GMT",169.39,-29,"GS"
"Thu, 07 Aug 2014 13:00:00 GMT",56.04,89,"JPM"
"Thu, 07 Aug 2014 13:04:00 GMT",89.82,55,"PEP"
"Thu, 07 Aug 2014 13:04:00 GMT",39.66,-126,"KO"
"Thu, 07 Aug 2014 13:10:00 GMT",169.32,29,"GS"
"Thu, 07 Aug 2014 13:10:00 GMT",56.18,-89,"JPM"
"Thu, 07 Aug 2014 13:35:00 GMT",169.41,-29,"GS"
"Thu, 07 Aug 2014 13:35:00 GMT",56.09,89,"JPM"
"Thu, 07 Aug 2014 13:46:00 GMT",89.9,-55,"PEP"
"Thu, 07 Aug 2014 13:46:00 GMT",39.67,126,"KO"
"Thu, 07 Aug 2014 15:16:00 GMT",89.68,-56,"PEP"
"Thu, 07 Aug 2014 15:16:00 GMT",39.39,127,"KO"
"Fri, 08 Aug 2014 09:40:00 GMT",89.58,56,"PEP"
"Fri, 08 Aug 2014 09:40:00 GMT",39.32,-127,"KO"
"Fri, 08 Aug 2014 11:52:00 GMT",89.72,56,"PEP"
"Fri, 08 Aug 2014 11:52:00 GMT",39.38,-127,"KO"
"Fri, 08 Aug 2014 12:06:00 GMT",89.73,-56,"PEP"
"Fri, 08 Aug 2014 12:06:00 GMT",39.37,127,"KO"
"Fri, 08 Aug 2014 13:48:00 GMT",90,55,"PEP"
"Fri, 08 Aug 2014 13:48:00 GMT",39.53,-127,"KO"
"Fri, 08 Aug 2014 14:47:00 GMT",89.95,-55,"PEP"
"Fri, 08 Aug 2014 14:47:00 GMT",39.52,127,"KO"
"Fri, 08 Aug 2014 15:29:00 GMT",90,-55,"PEP"
"Fri, 08 Aug 2014 15:29:00 GMT",39.5,127,"KO"
"Mon, 11 Aug 2014 09:35:00 GMT",172.82,-29,"GS"
"Mon, 11 Aug 2014 09:35:00 GMT",56.22,89,"JPM"
"Mon, 11 Aug 2014 10:11:00 GMT",91.31,55,"PEP"
"Mon, 11 Aug 2014 10:11:00 GMT",39.84,-127,"KO"
"Mon, 11 Aug 2014 10:15:00 GMT",172.82,29,"GS"
"Mon, 11 Aug 2014 10:15:00 GMT",56.38,-89,"JPM"
"Mon, 11 Aug 2014 12:08:00 GMT",172.51,29,"GS"
"Mon, 11 Aug 2014 12:08:00 GMT",56.47,-88,"JPM"
"Mon, 11 Aug 2014 12:20:00 GMT",172.49,-29,"GS"
"Mon, 11 Aug 2014 12:20:00 GMT",56.38,88,"JPM"
"Tue, 12 Aug 2014 09:31:00 GMT",91.75,-54,"PEP"
"Tue, 12 Aug 2014 09:31:00 GMT",39.7,126,"KO"
"Tue, 12 Aug 2014 09:32:00 GMT",91.73,54,"PEP"
"Tue, 12 Aug 2014 09:32:00 GMT",39.71,-126,"KO"
"Tue, 12 Aug 2014 09:37:00 GMT",91.46,54,"PEP"
"Tue, 12 Aug 2014 09:37:00 GMT",39.7,-126,"KO"
"Tue, 12 Aug 2014 10:35:00 GMT",91.47,-54,"PEP"
"Tue, 12 Aug 2014 10:35:00 GMT",39.73,126,"KO"
"Tue, 12 Aug 2014 11:33:00 GMT",91.13,55,"PEP"
"Tue, 12 Aug 2014 11:33:00 GMT",39.83,-126,"KO"
"Tue, 12 Aug 2014 12:01:00 GMT",91.06,-55,"PEP"
"Tue, 12 Aug 2014 12:01:00 GMT",39.71,126,"KO"
"Tue, 12 Aug 2014 15:04:00 GMT",91.26,55,"PEP"
"Tue, 12 Aug 2014 15:04:00 GMT",39.81,-126,"KO"
"Tue, 12 Aug 2014 15:10:00 GMT",91.31,-55,"PEP"
"Tue, 12 Aug 2014 15:10:00 GMT",39.8,126,"KO"
"Wed, 13 Aug 2014 09:32:00 GMT",171.7,29,"GS"
"Wed, 13 Aug 2014 09:32:00 GMT",56.67,-88,"JPM"
"Wed, 13 Aug 2014 11:08:00 GMT",172.33,-29,"GS"
"Wed, 13 Aug 2014 11:08:00 GMT",56.69,88,"JPM"
"Wed, 13 Aug 2014 14:21:00 GMT",91.69,-54,"PEP"
"Wed, 13 Aug 2014 14:21:00 GMT",39.94,126,"KO"
"Wed, 13 Aug 2014 15:44:00 GMT",91.73,54,"PEP"
"Wed, 13 Aug 2014 15:44:00 GMT",39.9,-126,"KO"
"Wed, 13 Aug 2014 15:51:00 GMT",172.54,29,"GS"
"Wed, 13 Aug 2014 15:51:00 GMT",56.73,-88,"JPM"
"Thu, 14 Aug 2014 09:32:00 GMT",91.99,54,"PEP"
"Thu, 14 Aug 2014 09:32:00 GMT",40.08,-125,"KO"
"Thu, 14 Aug 2014 09:35:00 GMT",172.92,-29,"GS"
"Thu, 14 Aug 2014 09:35:00 GMT",56.86,88,"JPM"
"Thu, 14 Aug 2014 09:44:00 GMT",172.38,29,"GS"
"Thu, 14 Aug 2014 09:44:00 GMT",56.87,-88,"JPM"
"Thu, 14 Aug 2014 10:55:00 GMT",91.7,-54,"PEP"
"Thu, 14 Aug 2014 10:55:00 GMT",40.04,125,"KO"
"Thu, 14 Aug 2014 10:59:00 GMT",171.83,-29,"GS"
"Thu, 14 Aug 2014 10:59:00 GMT",56.86,88,"JPM"
"Thu, 14 Aug 2014 12:10:00 GMT",91.61,54,"PEP"
"Thu, 14 Aug 2014 12:10:00 GMT",40.1,-125,"KO"
"Thu, 14 Aug 2014 13:04:00 GMT",91.54,-54,"PEP"
"Thu, 14 Aug 2014 13:04:00 GMT",40.08,125,"KO"
"Thu, 14 Aug 2014 14:49:00 GMT",91.62,54,"PEP"
"Thu, 14 Aug 2014 14:49:00 GMT",40.13,-125,"KO"
"Thu, 14 Aug 2014 15:10:00 GMT",91.73,-54,"PEP"
"Thu, 14 Aug 2014 15:10:00 GMT",40.15,125,"KO"
"Fri, 15 Aug 2014 09:32:00 GMT",92.57,54,"PEP"
"Fri, 15 Aug 2014 09:32:00 GMT",41.1,-122,"KO"
"Fri, 15 Aug 2014 10:44:00 GMT",92.22,-54,"PEP"
"Fri, 15 Aug 2014 10:44:00 GMT",40.94,122,"KO"
"Fri, 15 Aug 2014 11:55:00 GMT",171.77,-29,"GS"
"Fri, 15 Aug 2014 11:55:00 GMT",56.43,88,"JPM"
"Fri, 15 Aug 2014 11:56:00 GMT",56.42,1,"JPM"
"Fri, 15 Aug 2014 12:31:00 GMT",172.29,29,"GS"
"Fri, 15 Aug 2014 12:31:00 GMT",56.67,-89,"JPM"
"Fri, 15 Aug 2014 14:30:00 GMT",172.07,29,"GS"
"Fri, 15 Aug 2014 14:30:00 GMT",56.75,-88,"JPM"
"Fri, 15 Aug 2014 14:44:00 GMT",91.77,-54,"PEP"
"Fri, 15 Aug 2014 14:44:00 GMT",40.92,122,"KO"
"Fri, 15 Aug 2014 14:50:00 GMT",40.88,1,"KO"
"Fri, 15 Aug 2014 15:12:00 GMT",172.03,-29,"GS"
"Fri, 15 Aug 2014 15:12:00 GMT",56.71,88,"JPM"
"Fri, 15 Aug 2014 15:49:00 GMT",91.81,54,"PEP"
"Fri, 15 Aug 2014 15:49:00 GMT",40.94,-123,"KO"
"Mon, 18 Aug 2014 09:32:00 GMT",92.14,-54,"PEP"
"Mon, 18 Aug 2014 09:32:00 GMT",40.85,122,"KO"
"Mon, 18 Aug 2014 09:35:00 GMT",40.91,1,"KO"
"Mon, 18 Aug 2014 09:40:00 GMT",92.27,54,"PEP"
"Mon, 18 Aug 2014 09:40:00 GMT",41.01,-123,"KO"
"Mon, 18 Aug 2014 11:59:00 GMT",173.95,-28,"GS"
"Mon, 18 Aug 2014 11:59:00 GMT",57.32,87,"JPM"
"Mon, 18 Aug 2014 12:09:00 GMT",92.38,54,"PEP"
"Mon, 18 Aug 2014 12:09:00 GMT",41.3,-121,"KO"
"Mon, 18 Aug 2014 13:00:00 GMT",174.17,28,"GS"
"Mon, 18 Aug 2014 13:00:00 GMT",57.33,-87,"JPM"
"Mon, 18 Aug 2014 13:19:00 GMT",92.33,-54,"PEP"
"Mon, 18 Aug 2014 13:19:00 GMT",41.29,121,"KO"
"Mon, 18 Aug 2014 13:48:00 GMT",92.23,54,"PEP"
"Mon, 18 Aug 2014 13:48:00 GMT",41.3,-121,"KO"
"Mon, 18 Aug 2014 14:17:00 GMT",174.4,-28,"GS"
"Mon, 18 Aug 2014 14:17:00 GMT",57.25,87,"JPM"
"Mon, 18 Aug 2014 15:12:00 GMT",92.08,-54,"PEP"
"Mon, 18 Aug 2014 15:12:00 GMT",41.33,121,"KO"
"Tue, 19 Aug 2014 09:36:00 GMT",174.97,56,"GS"
"Tue, 19 Aug 2014 09:36:00 GMT",57.54,-174,"JPM"
"Tue, 19 Aug 2014 10:09:00 GMT",174.99,-28,"GS"
"Tue, 19 Aug 2014 10:09:00 GMT",57.47,87,"JPM"
"Tue, 19 Aug 2014 15:06:00 GMT",173.93,28,"GS"
"Tue, 19 Aug 2014 15:06:00 GMT",57.62,-87,"JPM"
"Tue, 19 Aug 2014 15:41:00 GMT",173.87,-28,"GS"
"Tue, 19 Aug 2014 15:41:00 GMT",57.59,87,"JPM"
"Tue, 19 Aug 2014 15:56:00 GMT",91.81,-54,"PEP"
"Tue, 19 Aug 2014 15:56:00 GMT",41.25,122,"KO"
"Wed, 20 Aug 2014 09:33:00 GMT",91.88,54,"PEP"
"Wed, 20 Aug 2014 09:33:00 GMT",41.33,-122,"KO"
"Wed, 20 Aug 2014 09:40:00 GMT",172.82,29,"GS"
"Wed, 20 Aug 2014 09:40:00 GMT",57.54,-87,"JPM"
"Wed, 20 Aug 2014 09:49:00 GMT",91.91,-54,"PEP"
"Wed, 20 Aug 2014 09:49:00 GMT",41.21,122,"KO"
"Wed, 20 Aug 2014 10:37:00 GMT",173.55,-29,"GS"
"Wed, 20 Aug 2014 10:37:00 GMT",57.76,87,"JPM"
"Wed, 20 Aug 2014 11:54:00 GMT",92.09,54,"PEP"
"Wed, 20 Aug 2014 11:54:00 GMT",41.2,-122,"KO"
"Wed, 20 Aug 2014 14:18:00 GMT",92.16,-54,"PEP"
"Wed, 20 Aug 2014 14:18:00 GMT",41.14,122,"KO"
"Wed, 20 Aug 2014 14:30:00 GMT",92.32,54,"PEP"
"Wed, 20 Aug 2014 14:30:00 GMT",41.21,-122,"KO"
"Wed, 20 Aug 2014 15:41:00 GMT",174.09,-28,"GS"
"Wed, 20 Aug 2014 15:41:00 GMT",57.73,87,"JPM"
"Thu, 21 Aug 2014 09:34:00 GMT",174.05,28,"GS"
"Thu, 21 Aug 2014 09:34:00 GMT",57.69,-87,"JPM"
"Thu, 21 Aug 2014 09:48:00 GMT",92.58,54,"PEP"
"Thu, 21 Aug 2014 09:48:00 GMT",41.38,-121,"KO"
"Thu, 21 Aug 2014 09:57:00 GMT",173.97,28,"GS"
"Thu, 21 Aug 2014 09:57:00 GMT",57.92,-86,"JPM"
"Thu, 21 Aug 2014 10:00:00 GMT",92.86,-54,"PEP"
"Thu, 21 Aug 2014 10:00:00 GMT",41.46,121,"KO"
"Thu, 21 Aug 2014 10:20:00 GMT",92.95,54,"PEP"
"Thu, 21 Aug 2014 10:20:00 GMT",41.57,-121,"KO"
"Thu, 21 Aug 2014 11:53:00 GMT",173.78,-28,"GS"
"Thu, 21 Aug 2014 11:53:00 GMT",58.14,86,"JPM"
"Thu, 21 Aug 2014 13:15:00 GMT",92.51,-54,"PEP"
"Thu, 21 Aug 2014 13:15:00 GMT",41.64,121,"KO"
"Fri, 22 Aug 2014 09:33:00 GMT",92.19,-54,"PEP"
"Fri, 22 Aug 2014 09:33:00 GMT",41.43,120,"KO"
"Fri, 22 Aug 2014 09:46:00 GMT",175.38,-28,"GS"
"Fri, 22 Aug 2014 09:46:00 GMT",58.41,85,"JPM"
"Fri, 22 Aug 2014 09:57:00 GMT",175.56,28,"GS"
"Fri, 22 Aug 2014 09:57:00 GMT",58.59,-85,"JPM"
"Fri, 22 Aug 2014 11:40:00 GMT",92.19,54,"PEP"
"Fri, 22 Aug 2014 11:40:00 GMT",41.2,-120,"KO"
"Fri, 22 Aug 2014 12:36:00 GMT",176.39,-28,"GS"
"Fri, 22 Aug 2014 12:36:00 GMT",58.6,85,"JPM"
"Fri, 22 Aug 2014 13:15:00 GMT",176.58,28,"GS"
"Fri, 22 Aug 2014 13:15:00 GMT",58.66,-85,"JPM"
"Fri, 22 Aug 2014 14:07:00 GMT",92.07,-54,"PEP"
"Fri, 22 Aug 2014 14:07:00 GMT",41.22,121,"KO"
"Fri, 22 Aug 2014 14:32:00 GMT",91.81,54,"PEP"
"Fri, 22 Aug 2014 14:32:00 GMT",41.17,-121,"KO"
"Mon, 25 Aug 2014 09:32:00 GMT",177.25,28,"GS"
"Mon, 25 Aug 2014 09:32:00 GMT",59.29,-84,"JPM"
"Mon, 25 Aug 2014 09:34:00 GMT",93.2,-53,"PEP"
"Mon, 25 Aug 2014 09:34:00 GMT",41.23,121,"KO"
"Mon, 25 Aug 2014 09:59:00 GMT",178.76,-28,"GS"
"Mon, 25 Aug 2014 09:59:00 GMT",59.4,84,"JPM"
"Mon, 25 Aug 2014 10:33:00 GMT",93.09,53,"PEP"
"Mon, 25 Aug 2014 10:33:00 GMT",41.27,-121,"KO"
"Mon, 25 Aug 2014 11:45:00 GMT",179.33,27,"GS"
"Mon, 25 Aug 2014 11:45:00 GMT",59.77,-83,"JPM"
"Mon, 25 Aug 2014 12:15:00 GMT",179,-27,"GS"
"Mon, 25 Aug 2014 12:15:00 GMT",59.6,83,"JPM"
"Mon, 25 Aug 2014 12:18:00 GMT",93.39,-53,"PEP"
"Mon, 25 Aug 2014 12:18:00 GMT",41.4,121,"KO"
"Mon, 25 Aug 2014 12:36:00 GMT",93.15,53,"PEP"
"Mon, 25 Aug 2014 12:36:00 GMT",41.4,-121,"KO"
"Mon, 25 Aug 2014 14:06:00 GMT",178.41,28,"GS"
"Mon, 25 Aug 2014 14:06:00 GMT",59.46,-84,"JPM"
"Mon, 25 Aug 2014 14:15:00 GMT",93.14,-54,"PEP"
"Mon, 25 Aug 2014 14:15:00 GMT",41.36,121,"KO"
"Mon, 25 Aug 2014 14:25:00 GMT",93.05,54,"PEP"
"Mon, 25 Aug 2014 14:25:00 GMT",41.39,-121,"KO"
"Mon, 25 Aug 2014 15:08:00 GMT",178.4,-28,"GS"
"Mon, 25 Aug 2014 15:08:00 GMT",59.52,84,"JPM"
"Tue, 26 Aug 2014 09:46:00 GMT",93.32,53,"PEP"
"Tue, 26 Aug 2014 09:46:00 GMT",41.55,-121,"KO"
"Tue, 26 Aug 2014 10:22:00 GMT",178.57,28,"GS"
"Tue, 26 Aug 2014 10:22:00 GMT",59.7,-84,"JPM"
"Tue, 26 Aug 2014 11:08:00 GMT",93.23,-53,"PEP"
"Tue, 26 Aug 2014 11:08:00 GMT",41.64,121,"KO"
"Tue, 26 Aug 2014 11:36:00 GMT",178.2,-28,"GS"
"Tue, 26 Aug 2014 11:36:00 GMT",59.75,84,"JPM"
"Tue, 26 Aug 2014 12:06:00 GMT",92.93,54,"PEP"
"Tue, 26 Aug 2014 12:06:00 GMT",41.63,-120,"KO"
"Tue, 26 Aug 2014 12:23:00 GMT",92.89,-54,"PEP"
"Tue, 26 Aug 2014 12:23:00 GMT",41.57,120,"KO"
"Tue, 26 Aug 2014 13:25:00 GMT",177.99,28,"GS"
"Tue, 26 Aug 2014 13:25:00 GMT",59.8,-83,"JPM"
"Tue, 26 Aug 2014 13:37:00 GMT",178.04,-28,"GS"
"Tue, 26 Aug 2014 13:37:00 GMT",59.74,83,"JPM"
"Tue, 26 Aug 2014 15:53:00 GMT",92.59,-54,"PEP"
"Tue, 26 Aug 2014 15:53:00 GMT",41.54,120,"KO"
"Wed, 27 Aug 2014 09:40:00 GMT",92.43,54,"PEP"
"Wed, 27 Aug 2014 09:40:00 GMT",41.5,-120,"KO"
"Wed, 27 Aug 2014 09:48:00 GMT",177.2,28,"GS"
"Wed, 27 Aug 2014 09:48:00 GMT",59.88,-83,"JPM"
"Wed, 27 Aug 2014 10:12:00 GMT",177.51,-28,"GS"
"Wed, 27 Aug 2014 10:12:00 GMT",59.75,83,"JPM"
"Wed, 27 Aug 2014 15:06:00 GMT",92.2,-54,"PEP"
"Wed, 27 Aug 2014 15:06:00 GMT",41.54,121,"KO"
"Wed, 27 Aug 2014 15:28:00 GMT",92.16,54,"PEP"
"Wed, 27 Aug 2014 15:28:00 GMT",41.55,-121,"KO"
"Thu, 28 Aug 2014 09:34:00 GMT",91.97,54,"PEP"
"Thu, 28 Aug 2014 09:34:00 GMT",41.58,-121,"KO"
"Thu, 28 Aug 2014 09:46:00 GMT",92.12,-54,"PEP"
"Thu, 28 Aug 2014 09:46:00 GMT",41.53,121,"KO"
"Thu, 28 Aug 2014 09:50:00 GMT",176.23,-28,"GS"
"Thu, 28 Aug 2014 09:50:00 GMT",58.94,85,"JPM"
"Thu, 28 Aug 2014 10:24:00 GMT",92.63,-54,"PEP"
"Thu, 28 Aug 2014 10:24:00 GMT",41.52,121,"KO"
"Thu, 28 Aug 2014 10:40:00 GMT",176.43,28,"GS"
"Thu, 28 Aug 2014 10:40:00 GMT",59,-85,"JPM"
"Thu, 28 Aug 2014 11:10:00 GMT",92.38,54,"PEP"
"Thu, 28 Aug 2014 11:10:00 GMT",41.52,-121,"KO"
"Thu, 28 Aug 2014 12:16:00 GMT",177.18,28,"GS"
"Thu, 28 Aug 2014 12:16:00 GMT",59.29,-85,"JPM"
"Thu, 28 Aug 2014 12:22:00 GMT",177.26,-28,"GS"
"Thu, 28 Aug 2014 12:22:00 GMT",59.25,85,"JPM"
"Thu, 28 Aug 2014 13:55:00 GMT",177.63,-28,"GS"
"Thu, 28 Aug 2014 13:55:00 GMT",59.22,85,"JPM"
"Thu, 28 Aug 2014 15:17:00 GMT",177.44,28,"GS"
"Thu, 28 Aug 2014 15:17:00 GMT",59.09,-85,"JPM"
"Fri, 29 Aug 2014 09:33:00 GMT",178.09,28,"GS"
"Fri, 29 Aug 2014 09:33:00 GMT",59.28,-85,"JPM"
"Fri, 29 Aug 2014 09:34:00 GMT",178.13,-28,"GS"
"Fri, 29 Aug 2014 09:34:00 GMT",59.33,85,"JPM"
"Fri, 29 Aug 2014 09:37:00 GMT",92.67,-54,"PEP"
"Fri, 29 Aug 2014 09:37:00 GMT",41.54,121,"KO"
"Fri, 29 Aug 2014 09:52:00 GMT",92.34,54,"PEP"
"Fri, 29 Aug 2014 09:52:00 GMT",41.52,-121,"KO"
"Fri, 29 Aug 2014 14:36:00 GMT",178.78,-28,"GS"
"Fri, 29 Aug 2014 14:36:00 GMT",59.44,85,"JPM"
"Fri, 29 Aug 2014 15:46:00 GMT",178.79,28,"GS"
"Fri, 29 Aug 2014 15:46:00 GMT",59.4,-85,"JPM"
"Tue, 02 Sep 2014 09:32:00 GMT",92.63,-54,"PEP"
"Tue, 02 Sep 2014 09:32:00 GMT",41.49,121,"KO"
"Tue, 02 Sep 2014 09:42:00 GMT",41.35,1,"KO"
"Tue, 02 Sep 2014 10:16:00 GMT",93.07,54,"PEP"
"Tue, 02 Sep 2014 10:16:00 GMT",41.75,-122,"KO"
"Tue, 02 Sep 2014 11:53:00 GMT",179.35,-28,"GS"
"Tue, 02 Sep 2014 11:53:00 GMT",59.32,85,"JPM"
"Tue, 02 Sep 2014 12:27:00 GMT",179.43,28,"GS"
"Tue, 02 Sep 2014 12:27:00 GMT",59.4,-85,"JPM"
"Tue, 02 Sep 2014 14:21:00 GMT",179.59,28,"GS"
"Tue, 02 Sep 2014 14:21:00 GMT",59.52,-85,"JPM"
"Tue, 02 Sep 2014 14:34:00 GMT",179.57,-28,"GS"
"Tue, 02 Sep 2014 14:34:00 GMT",59.47,85,"JPM"
"Tue, 02 Sep 2014 15:34:00 GMT",92.53,54,"PEP"
"Tue, 02 Sep 2014 15:34:00 GMT",41.62,-121,"KO"
"Wed, 03 Sep 2014 09:46:00 GMT",181.43,27,"GS"
"Wed, 03 Sep 2014 09:46:00 GMT",60.26,-83,"JPM"
"Wed, 03 Sep 2014 10:14:00 GMT",181.5,-27,"GS"
"Wed, 03 Sep 2014 10:14:00 GMT",60.09,83,"JPM"
"Wed, 03 Sep 2014 10:54:00 GMT",92.01,-54,"PEP"
"Wed, 03 Sep 2014 10:54:00 GMT",41.74,121,"KO"
"Wed, 03 Sep 2014 13:24:00 GMT",92.27,-54,"PEP"
"Wed, 03 Sep 2014 13:24:00 GMT",41.79,120,"KO"
"Wed, 03 Sep 2014 14:32:00 GMT",92.4,54,"PEP"
"Wed, 03 Sep 2014 14:32:00 GMT",41.82,-120,"KO"
"Thu, 04 Sep 2014 09:32:00 GMT",93.04,-54,"PEP"
"Thu, 04 Sep 2014 09:32:00 GMT",41.87,120,"KO"
"Thu, 04 Sep 2014 09:40:00 GMT",92.85,54,"PEP"
"Thu, 04 Sep 2014 09:40:00 GMT",41.9,-120,"KO"
"Thu, 04 Sep 2014 10:43:00 GMT",92.82,54,"PEP"
"Thu, 04 Sep 2014 10:43:00 GMT",41.98,-120,"KO"
"Thu, 04 Sep 2014 13:16:00 GMT",180.42,-27,"GS"
"Thu, 04 Sep 2014 13:16:00 GMT",59.94,84,"JPM"
"Thu, 04 Sep 2014 14:06:00 GMT",92.3,-54,"PEP"
"Thu, 04 Sep 2014 14:06:00 GMT",42.12,120,"KO"
"Thu, 04 Sep 2014 14:40:00 GMT",92.21,-54,"PEP"
"Thu, 04 Sep 2014 14:40:00 GMT",41.97,119,"KO"
"Thu, 04 Sep 2014 15:27:00 GMT",179.99,27,"GS"
"Thu, 04 Sep 2014 15:27:00 GMT",59.59,-84,"JPM"
"Thu, 04 Sep 2014 15:36:00 GMT",91.89,54,"PEP"
"Thu, 04 Sep 2014 15:36:00 GMT",41.84,-119,"KO"
"Fri, 05 Sep 2014 09:43:00 GMT",178.74,28,"GS"
"Fri, 05 Sep 2014 09:43:00 GMT",59.57,-84,"JPM"
"Fri, 05 Sep 2014 10:06:00 GMT",178.79,-28,"GS"
"Fri, 05 Sep 2014 10:06:00 GMT",59.45,84,"JPM"
"Fri, 05 Sep 2014 12:39:00 GMT",91.49,-54,"PEP"
"Fri, 05 Sep 2014 12:39:00 GMT",41.76,120,"KO"
"Fri, 05 Sep 2014 13:02:00 GMT",91.55,54,"PEP"
"Fri, 05 Sep 2014 13:02:00 GMT",41.81,-120,"KO"
"Fri, 05 Sep 2014 14:08:00 GMT",91.62,-54,"PEP"
"Fri, 05 Sep 2014 14:08:00 GMT",41.74,120,"KO"
"Fri, 05 Sep 2014 14:23:00 GMT",91.62,54,"PEP"
"Fri, 05 Sep 2014 14:23:00 GMT",41.78,-120,"KO"
"Fri, 05 Sep 2014 14:37:00 GMT",91.57,-54,"PEP"
"Fri, 05 Sep 2014 14:37:00 GMT",41.7,120,"KO"
"Fri, 05 Sep 2014 15:20:00 GMT",91.62,54,"PEP"
"Fri, 05 Sep 2014 15:20:00 GMT",41.73,-120,"KO"
"Mon, 08 Sep 2014 09:35:00 GMT",180.11,27,"GS"
"Mon, 08 Sep 2014 09:35:00 GMT",60.09,-83,"JPM"
"Mon, 08 Sep 2014 09:57:00 GMT",180.61,-27,"GS"
"Mon, 08 Sep 2014 09:57:00 GMT",60.06,83,"JPM"
"Mon, 08 Sep 2014 12:39:00 GMT",91.98,54,"PEP"
"Mon, 08 Sep 2014 12:39:00 GMT",41.89,-120,"KO"
"Mon, 08 Sep 2014 12:48:00 GMT",91.97,-54,"PEP"
"Mon, 08 Sep 2014 12:48:00 GMT",41.84,120,"KO"
"Mon, 08 Sep 2014 13:53:00 GMT",91.77,-54,"PEP"
"Mon, 08 Sep 2014 13:53:00 GMT",41.68,121,"KO"
"Mon, 08 Sep 2014 14:05:00 GMT",91.86,54,"PEP"
"Mon, 08 Sep 2014 14:05:00 GMT",41.77,-121,"KO"
"Mon, 08 Sep 2014 14:21:00 GMT",179.69,28,"GS"
"Mon, 08 Sep 2014 14:21:00 GMT",59.91,-84,"JPM"
"Mon, 08 Sep 2014 14:59:00 GMT",179.94,-28,"GS"
"Mon, 08 Sep 2014 14:59:00 GMT",59.88,84,"JPM"
"Mon, 08 Sep 2014 15:53:00 GMT",91.89,54,"PEP"
"Mon, 08 Sep 2014 15:53:00 GMT",41.8,-120,"KO"
"Tue, 09 Sep 2014 09:33:00 GMT",91.59,1,"PEP"
"Tue, 09 Sep 2014 09:42:00 GMT",176.88,28,"GS"
"Tue, 09 Sep 2014 09:42:00 GMT",59.13,-85,"JPM"
"Tue, 09 Sep 2014 09:50:00 GMT",177.2,-28,"GS"
"Tue, 09 Sep 2014 09:50:00 GMT",59.16,85,"JPM"
"Tue, 09 Sep 2014 10:24:00 GMT",91.62,-55,"PEP"
"Tue, 09 Sep 2014 10:24:00 GMT",41.85,120,"KO"
"Tue, 09 Sep 2014 15:09:00 GMT",91.48,55,"PEP"
"Tue, 09 Sep 2014 15:09:00 GMT",42,-120,"KO"
"Tue, 09 Sep 2014 15:26:00 GMT",91.41,-55,"PEP"
"Tue, 09 Sep 2014 15:26:00 GMT",41.92,120,"KO"
"Tue, 09 Sep 2014 15:54:00 GMT",177.24,28,"GS"
"Tue, 09 Sep 2014 15:54:00 GMT",59.1,-85,"JPM"
"Wed, 10 Sep 2014 09:33:00 GMT",91.75,-55,"PEP"
"Wed, 10 Sep 2014 09:33:00 GMT",41.96,120,"KO"
"Wed, 10 Sep 2014 09:35:00 GMT",178.65,-28,"GS"
"Wed, 10 Sep 2014 09:35:00 GMT",59.26,85,"JPM"
"Wed, 10 Sep 2014 09:36:00 GMT",91.69,55,"PEP"
"Wed, 10 Sep 2014 09:36:00 GMT",41.98,-120,"KO"
"Wed, 10 Sep 2014 09:43:00 GMT",178.25,-28,"GS"
"Wed, 10 Sep 2014 09:43:00 GMT",59.01,85,"JPM"
"Wed, 10 Sep 2014 10:25:00 GMT",178.55,28,"GS"
"Wed, 10 Sep 2014 10:25:00 GMT",59.16,-85,"JPM"
"Wed, 10 Sep 2014 14:07:00 GMT",91.81,55,"PEP"
"Wed, 10 Sep 2014 14:07:00 GMT",42.16,-120,"KO"
"Wed, 10 Sep 2014 14:32:00 GMT",91.76,-55,"PEP"
"Wed, 10 Sep 2014 14:32:00 GMT",42.12,120,"KO"
"Thu, 11 Sep 2014 09:32:00 GMT",91.73,-55,"PEP"
"Thu, 11 Sep 2014 09:32:00 GMT",41.75,121,"KO"
"Thu, 11 Sep 2014 09:38:00 GMT",179.66,28,"GS"
"Thu, 11 Sep 2014 09:38:00 GMT",59.42,-85,"JPM"
"Thu, 11 Sep 2014 10:04:00 GMT",91.65,55,"PEP"
"Thu, 11 Sep 2014 10:04:00 GMT",41.99,-121,"KO"
"Thu, 11 Sep 2014 10:47:00 GMT",179.87,-28,"GS"
"Thu, 11 Sep 2014 10:47:00 GMT",59.44,85,"JPM"
"Thu, 11 Sep 2014 12:28:00 GMT",91.75,-55,"PEP"
"Thu, 11 Sep 2014 12:28:00 GMT",42.01,121,"KO"
"Thu, 11 Sep 2014 12:55:00 GMT",91.6,55,"PEP"
"Thu, 11 Sep 2014 12:55:00 GMT",42.01,-121,"KO"
"Thu, 11 Sep 2014 14:46:00 GMT",91.62,-55,"PEP"
"Thu, 11 Sep 2014 14:46:00 GMT",41.94,121,"KO"
"Thu, 11 Sep 2014 15:54:00 GMT",91.55,55,"PEP"
"Thu, 11 Sep 2014 15:54:00 GMT",41.9,-121,"KO"
"Fri, 12 Sep 2014 09:49:00 GMT",91.18,55,"PEP"
"Fri, 12 Sep 2014 09:49:00 GMT",41.85,-121,"KO"
"Fri, 12 Sep 2014 09:58:00 GMT",91.2,-55,"PEP"
"Fri, 12 Sep 2014 09:58:00 GMT",41.79,121,"KO"
"Fri, 12 Sep 2014 10:14:00 GMT",90.93,56,"PEP"
"Fri, 12 Sep 2014 10:14:00 GMT",41.79,-121,"KO"
"Fri, 12 Sep 2014 10:37:00 GMT",91.15,-56,"PEP"
"Fri, 12 Sep 2014 10:37:00 GMT",41.81,121,"KO"
"Fri, 12 Sep 2014 14:57:00 GMT",90.68,-56,"PEP"
"Fri, 12 Sep 2014 14:57:00 GMT",41.41,123,"KO"
"Fri, 12 Sep 2014 15:10:00 GMT",182.6,27,"GS"
"Fri, 12 Sep 2014 15:10:00 GMT",59.99,-84,"JPM"
"Fri, 12 Sep 2014 15:52:00 GMT",182.96,-27,"GS"
"Fri, 12 Sep 2014 15:52:00 GMT",60.04,84,"JPM"
"Mon, 15 Sep 2014 09:34:00 GMT",182.58,-27,"GS"
"Mon, 15 Sep 2014 09:34:00 GMT",59.59,85,"JPM"
"Mon, 15 Sep 2014 10:20:00 GMT",90.83,56,"PEP"
"Mon, 15 Sep 2014 10:20:00 GMT",41.38,-123,"KO"
"Mon, 15 Sep 2014 11:05:00 GMT",184.02,27,"GS"
"Mon, 15 Sep 2014 11:05:00 GMT",59.84,-85,"JPM"
"Mon, 15 Sep 2014 12:27:00 GMT",183.44,27,"GS"
"Mon, 15 Sep 2014 12:27:00 GMT",59.87,-84,"JPM"
"Mon, 15 Sep 2014 13:36:00 GMT",183.41,-27,"GS"
"Mon, 15 Sep 2014 13:36:00 GMT",59.86,84,"JPM"
"Tue, 16 Sep 2014 09:32:00 GMT",183.57,-27,"GS"
"Tue, 16 Sep 2014 09:32:00 GMT",59.72,85,"JPM"
"Tue, 16 Sep 2014 09:33:00 GMT",91.37,-55,"PEP"
"Tue, 16 Sep 2014 09:33:00 GMT",41.25,123,"KO"
"Tue, 16 Sep 2014 09:37:00 GMT",183.82,27,"GS"
"Tue, 16 Sep 2014 09:37:00 GMT",59.91,-85,"JPM"
"Tue, 16 Sep 2014 09:44:00 GMT",183.68,27,"GS"
"Tue, 16 Sep 2014 09:44:00 GMT",59.94,-84,"JPM"
"Tue, 16 Sep 2014 10:47:00 GMT",91.97,55,"PEP"
"Tue, 16 Sep 2014 10:47:00 GMT",41.41,-123,"KO"
"Tue, 16 Sep 2014 11:12:00 GMT",183.04,-27,"GS"
"Tue, 16 Sep 2014 11:12:00 GMT",59.87,84,"JPM"
"Tue, 16 Sep 2014 14:53:00 GMT",92.74,-54,"PEP"
"Tue, 16 Sep 2014 14:53:00 GMT",41.63,122,"KO"
"Tue, 16 Sep 2014 15:11:00 GMT",92.68,54,"PEP"
"Tue, 16 Sep 2014 15:11:00 GMT",41.65,-122,"KO"
"Tue, 16 Sep 2014 15:32:00 GMT",184,-27,"GS"
"Tue, 16 Sep 2014 15:32:00 GMT",60.01,84,"JPM"
"Wed, 17 Sep 2014 09:31:00 GMT",183.89,27,"GS"
"Wed, 17 Sep 2014 09:31:00 GMT",60.04,-84,"JPM"
"Wed, 17 Sep 2014 10:03:00 GMT",92.6,-54,"PEP"
"Wed, 17 Sep 2014 10:03:00 GMT",41.49,122,"KO"
"Wed, 17 Sep 2014 10:23:00 GMT",92.28,54,"PEP"
"Wed, 17 Sep 2014 10:23:00 GMT",41.48,-122,"KO"
"Wed, 17 Sep 2014 12:27:00 GMT",184.51,-27,"GS"
"Wed, 17 Sep 2014 12:27:00 GMT",60.01,84,"JPM"
"Wed, 17 Sep 2014 12:54:00 GMT",184.48,27,"GS"
"Wed, 17 Sep 2014 12:54:00 GMT",60.08,-84,"JPM"
"Wed, 17 Sep 2014 13:34:00 GMT",92.6,55,"PEP"
"Wed, 17 Sep 2014 13:34:00 GMT",41.62,-122,"KO"
"Wed, 17 Sep 2014 13:47:00 GMT",92.7,-55,"PEP"
"Wed, 17 Sep 2014 13:47:00 GMT",41.6,122,"KO"
"Wed, 17 Sep 2014 14:11:00 GMT",185,27,"GS"
"Wed, 17 Sep 2014 14:11:00 GMT",60.39,-84,"JPM"
"Wed, 17 Sep 2014 14:51:00 GMT",184.94,-27,"GS"
"Wed, 17 Sep 2014 14:51:00 GMT",60.29,84,"JPM"
"Thu, 18 Sep 2014 09:34:00 GMT",186.16,27,"GS"
"Thu, 18 Sep 2014 09:34:00 GMT",60.92,-83,"JPM"
"Thu, 18 Sep 2014 09:46:00 GMT",186.66,-27,"GS"
"Thu, 18 Sep 2014 09:46:00 GMT",60.9,83,"JPM"
"Thu, 18 Sep 2014 09:54:00 GMT",93.09,-54,"PEP"
"Thu, 18 Sep 2014 09:54:00 GMT",41.63,122,"KO"
"Thu, 18 Sep 2014 10:02:00 GMT",93.1,54,"PEP"
"Thu, 18 Sep 2014 10:02:00 GMT",41.69,-122,"KO"
"Thu, 18 Sep 2014 13:04:00 GMT",187.84,27,"GS"
"Thu, 18 Sep 2014 13:04:00 GMT",61.28,-83,"JPM"
"Thu, 18 Sep 2014 13:24:00 GMT",187.79,-27,"GS"
"Thu, 18 Sep 2014 13:24:00 GMT",61.16,83,"JPM"
"Thu, 18 Sep 2014 15:28:00 GMT",93.42,54,"PEP"
"Thu, 18 Sep 2014 15:28:00 GMT",41.79,-122,"KO"
"Thu, 18 Sep 2014 15:46:00 GMT",188.05,27,"GS"
"Thu, 18 Sep 2014 15:46:00 GMT",61.34,-83,"JPM"
"Fri, 19 Sep 2014 09:32:00 GMT",93.78,-54,"PEP"
"Fri, 19 Sep 2014 09:32:00 GMT",41.87,122,"KO"
"Fri, 19 Sep 2014 11:23:00 GMT",93.99,54,"PEP"
"Fri, 19 Sep 2014 11:23:00 GMT",42.08,-121,"KO"
"Fri, 19 Sep 2014 11:38:00 GMT",186.32,-27,"GS"
"Fri, 19 Sep 2014 11:38:00 GMT",61.32,83,"JPM"
"Fri, 19 Sep 2014 12:05:00 GMT",94.13,-54,"PEP"
"Fri, 19 Sep 2014 12:05:00 GMT",42.12,121,"KO"
"Fri, 19 Sep 2014 13:14:00 GMT",94.11,54,"PEP"
"Fri, 19 Sep 2014 13:14:00 GMT",42.27,-120,"KO"
"Fri, 19 Sep 2014 14:10:00 GMT",93.94,-54,"PEP"
"Fri, 19 Sep 2014 14:10:00 GMT",42.2,120,"KO"
"Fri, 19 Sep 2014 14:45:00 GMT",93.86,54,"PEP"
"Fri, 19 Sep 2014 14:45:00 GMT",42.25,-120,"KO"
"Fri, 19 Sep 2014 15:17:00 GMT",94.01,-54,"PEP"
"Fri, 19 Sep 2014 15:17:00 GMT",42.25,120,"KO"
"Mon, 22 Sep 2014 09:35:00 GMT",185.91,27,"GS"
"Mon, 22 Sep 2014 09:35:00 GMT",61.21,-83,"JPM"
"Mon, 22 Sep 2014 10:04:00 GMT",186.6,-27,"GS"
"Mon, 22 Sep 2014 10:04:00 GMT",61.27,83,"JPM"
"Mon, 22 Sep 2014 11:50:00 GMT",93.53,-54,"PEP"
"Mon, 22 Sep 2014 11:50:00 GMT",42,121,"KO"
"Mon, 22 Sep 2014 12:01:00 GMT",93.59,54,"PEP"
"Mon, 22 Sep 2014 12:01:00 GMT",42.05,-121,"KO"
"Mon, 22 Sep 2014 13:05:00 GMT",93.61,54,"PEP"
"Mon, 22 Sep 2014 13:05:00 GMT",42.16,-121,"KO"
"Mon, 22 Sep 2014 13:15:00 GMT",185.67,-27,"GS"
"Mon, 22 Sep 2014 13:15:00 GMT",61.03,83,"JPM"
"Mon, 22 Sep 2014 14:07:00 GMT",93.64,-54,"PEP"
"Mon, 22 Sep 2014 14:07:00 GMT",42.18,121,"KO"
"Mon, 22 Sep 2014 14:37:00 GMT",185.5,27,"GS"
"Mon, 22 Sep 2014 14:37:00 GMT",60.9,-83,"JPM"
"Tue, 23 Sep 2014 09:32:00 GMT",93.55,-54,"PEP"
"Tue, 23 Sep 2014 09:32:00 GMT",42.05,121,"KO"
"Tue, 23 Sep 2014 09:36:00 GMT",186.11,-27,"GS"
"Tue, 23 Sep 2014 09:36:00 GMT",60.79,84,"JPM"
"Tue, 23 Sep 2014 10:01:00 GMT",93.32,54,"PEP"
"Tue, 23 Sep 2014 10:01:00 GMT",42.09,-121,"KO"
"Tue, 23 Sep 2014 10:22:00 GMT",186.72,27,"GS"
"Tue, 23 Sep 2014 10:22:00 GMT",61.15,-84,"JPM"
"Tue, 23 Sep 2014 12:18:00 GMT",186.72,27,"GS"
"Tue, 23 Sep 2014 12:18:00 GMT",61.3,-83,"JPM"
"Tue, 23 Sep 2014 13:01:00 GMT",186.25,-27,"GS"
"Tue, 23 Sep 2014 13:01:00 GMT",61.18,83,"JPM"
"Tue, 23 Sep 2014 15:13:00 GMT",92.99,-55,"PEP"
"Tue, 23 Sep 2014 15:13:00 GMT",41.95,122,"KO"
"Wed, 24 Sep 2014 09:33:00 GMT",185.41,27,"GS"
"Wed, 24 Sep 2014 09:33:00 GMT",61.24,-83,"JPM"
"Wed, 24 Sep 2014 10:12:00 GMT",185.29,-27,"GS"
"Wed, 24 Sep 2014 10:12:00 GMT",61.2,83,"JPM"
"Wed, 24 Sep 2014 10:18:00 GMT",93.77,55,"PEP"
"Wed, 24 Sep 2014 10:18:00 GMT",42.16,-122,"KO"
"Wed, 24 Sep 2014 13:50:00 GMT",186.3,-27,"GS"
"Wed, 24 Sep 2014 13:50:00 GMT",61.33,83,"JPM"
"Wed, 24 Sep 2014 13:57:00 GMT",93.67,54,"PEP"
"Wed, 24 Sep 2014 13:57:00 GMT",42.23,-121,"KO"
"Wed, 24 Sep 2014 15:29:00 GMT",187.61,27,"GS"
"Wed, 24 Sep 2014 15:29:00 GMT",61.58,-83,"JPM"
"Thu, 25 Sep 2014 09:35:00 GMT",93.19,-54,"PEP"
"Thu, 25 Sep 2014 09:35:00 GMT",42.09,121,"KO"
"Thu, 25 Sep 2014 09:51:00 GMT",93.21,-54,"PEP"
"Thu, 25 Sep 2014 09:51:00 GMT",41.98,121,"KO"
"Thu, 25 Sep 2014 10:25:00 GMT",93.3,54,"PEP"
"Thu, 25 Sep 2014 10:25:00 GMT",42.12,-121,"KO"
"Thu, 25 Sep 2014 13:53:00 GMT",92.54,-55,"PEP"
"Thu, 25 Sep 2014 13:53:00 GMT",41.79,122,"KO"
"Thu, 25 Sep 2014 13:56:00 GMT",92.57,55,"PEP"
"Thu, 25 Sep 2014 13:56:00 GMT",41.79,-122,"KO"
"Thu, 25 Sep 2014 15:26:00 GMT",183.66,-27,"GS"
"Thu, 25 Sep 2014 15:26:00 GMT",60.27,84,"JPM"
"Fri, 26 Sep 2014 09:32:00 GMT",92.53,55,"PEP"
"Fri, 26 Sep 2014 09:32:00 GMT",41.83,-121,"KO"
"Fri, 26 Sep 2014 09:34:00 GMT",92.89,-55,"PEP"
"Fri, 26 Sep 2014 09:34:00 GMT",41.94,121,"KO"
"Fri, 26 Sep 2014 09:52:00 GMT",184.87,27,"GS"
"Fri, 26 Sep 2014 09:52:00 GMT",60.59,-84,"JPM"
"Fri, 26 Sep 2014 14:50:00 GMT",185.59,-27,"GS"
"Fri, 26 Sep 2014 14:50:00 GMT",60.83,84,"JPM"
"Mon, 29 Sep 2014 09:34:00 GMT",92.68,-55,"PEP"
"Mon, 29 Sep 2014 09:34:00 GMT",42,121,"KO"
"Mon, 29 Sep 2014 09:35:00 GMT",92.73,55,"PEP"
"Mon, 29 Sep 2014 09:35:00 GMT",41.99,-121,"KO"
"Mon, 29 Sep 2014 09:55:00 GMT",182.74,27,"GS"
"Mon, 29 Sep 2014 09:55:00 GMT",59.91,-84,"JPM"
"Mon, 29 Sep 2014 10:04:00 GMT",92.98,-54,"PEP"
"Mon, 29 Sep 2014 10:04:00 GMT",42.01,121,"KO"
"Mon, 29 Sep 2014 10:42:00 GMT",93.08,54,"PEP"
"Mon, 29 Sep 2014 10:42:00 GMT",42.09,-121,"KO"
"Mon, 29 Sep 2014 11:19:00 GMT",184.49,27,"GS"
"Mon, 29 Sep 2014 11:19:00 GMT",60.46,-84,"JPM"
"Mon, 29 Sep 2014 12:12:00 GMT",183.73,-27,"GS"
"Mon, 29 Sep 2014 12:12:00 GMT",60.29,84,"JPM"
"Mon, 29 Sep 2014 15:27:00 GMT",183.83,27,"GS"
"Mon, 29 Sep 2014 15:27:00 GMT",60.4,-84,"JPM"
"Mon, 29 Sep 2014 15:45:00 GMT",93.2,54,"PEP"
"Mon, 29 Sep 2014 15:45:00 GMT",42.24,-120,"KO"
"Mon, 29 Sep 2014 15:59:00 GMT",183.79,-27,"GS"
"Mon, 29 Sep 2014 15:59:00 GMT",60.34,84,"JPM"
"Tue, 30 Sep 2014 09:36:00 GMT",184.22,27,"GS"
"Tue, 30 Sep 2014 09:36:00 GMT",60.69,-84,"JPM"
"Tue, 30 Sep 2014 09:40:00 GMT",93.1,-54,"PEP"
"Tue, 30 Sep 2014 09:40:00 GMT",42.2,120,"KO"
"Tue, 30 Sep 2014 10:05:00 GMT",183.08,-27,"GS"
"Tue, 30 Sep 2014 10:05:00 GMT",60.23,84,"JPM"
"Tue, 30 Sep 2014 10:30:00 GMT",93.19,54,"PEP"
"Tue, 30 Sep 2014 10:30:00 GMT",42.4,-120,"KO"
"Tue, 30 Sep 2014 11:05:00 GMT",93.2,-54,"PEP"
"Tue, 30 Sep 2014 11:05:00 GMT",42.33,120,"KO"
"Tue, 30 Sep 2014 13:15:00 GMT",93.24,54,"PEP"
"Tue, 30 Sep 2014 13:15:00 GMT",42.65,-119,"KO"
"Tue, 30 Sep 2014 13:17:00 GMT",42.64,-1,"KO"
"Tue, 30 Sep 2014 14:06:00 GMT",93.09,-54,"PEP"
"Tue, 30 Sep 2014 14:06:00 GMT",42.59,120,"KO"
"Tue, 30 Sep 2014 14:30:00 GMT",183.16,27,"GS"
"Tue, 30 Sep 2014 14:30:00 GMT",60.37,-84,"JPM"
"Tue, 30 Sep 2014 14:55:00 GMT",183.52,-27,"GS"
"Tue, 30 Sep 2014 14:55:00 GMT",60.4,84,"JPM"
"Tue, 30 Sep 2014 15:40:00 GMT",184.11,-27,"GS"
"Tue, 30 Sep 2014 15:40:00 GMT",60.44,84,"JPM"
"Wed, 01 Oct 2014 09:31:00 GMT",183.4,27,"GS"
"Wed, 01 Oct 2014 09:31:00 GMT",60.29,-84,"JPM"
"Wed, 01 Oct 2014 13:40:00 GMT",92.51,-55,"PEP"
"Wed, 01 Oct 2014 13:40:00 GMT",42.44,120,"KO"
"Wed, 01 Oct 2014 14:17:00 GMT",92.73,55,"PEP"
"Wed, 01 Oct 2014 14:17:00 GMT",42.52,-120,"KO"
"Thu, 02 Oct 2014 09:32:00 GMT",181.16,-28,"GS"
"Thu, 02 Oct 2014 09:32:00 GMT",59.35,86,"JPM"
"Thu, 02 Oct 2014 09:48:00 GMT",92.58,-55,"PEP"
"Thu, 02 Oct 2014 09:48:00 GMT",42.48,120,"KO"
"Thu, 02 Oct 2014 10:14:00 GMT",92.75,55,"PEP"
"Thu, 02 Oct 2014 10:14:00 GMT",42.63,-120,"KO"
"Thu, 02 Oct 2014 12:08:00 GMT",181.39,28,"GS"
"Thu, 02 Oct 2014 12:08:00 GMT",58.97,-86,"JPM"
"Thu, 02 Oct 2014 12:55:00 GMT",92.45,55,"PEP"
"Thu, 02 Oct 2014 12:55:00 GMT",42.71,-119,"KO"
"Thu, 02 Oct 2014 13:38:00 GMT",92.46,-55,"PEP"
"Thu, 02 Oct 2014 13:38:00 GMT",42.7,119,"KO"
"Thu, 02 Oct 2014 13:55:00 GMT",182.67,-27,"GS"
"Thu, 02 Oct 2014 13:55:00 GMT",59.05,86,"JPM"
"Thu, 02 Oct 2014 14:54:00 GMT",183.38,27,"GS"
"Thu, 02 Oct 2014 14:54:00 GMT",59.16,-86,"JPM"
"Fri, 03 Oct 2014 09:35:00 GMT",185.11,-27,"GS"
"Fri, 03 Oct 2014 09:35:00 GMT",59.29,85,"JPM"
"Fri, 03 Oct 2014 09:38:00 GMT",59.07,1,"JPM"
"Fri, 03 Oct 2014 09:45:00 GMT",185.42,27,"GS"
"Fri, 03 Oct 2014 09:45:00 GMT",59.46,-86,"JPM"
"Fri, 03 Oct 2014 09:53:00 GMT",92.98,54,"PEP"
"Fri, 03 Oct 2014 09:53:00 GMT",42.92,-118,"KO"
"Fri, 03 Oct 2014 10:42:00 GMT",92.98,-54,"PEP"
"Fri, 03 Oct 2014 10:42:00 GMT",42.9,118,"KO"
"Fri, 03 Oct 2014 11:34:00 GMT",187.08,-27,"GS"
"Fri, 03 Oct 2014 11:34:00 GMT",59.89,85,"JPM"
"Fri, 03 Oct 2014 12:30:00 GMT",93.32,-54,"PEP"
"Fri, 03 Oct 2014 12:30:00 GMT",42.93,118,"KO"
"Fri, 03 Oct 2014 12:31:00 GMT",187.95,27,"GS"
"Fri, 03 Oct 2014 12:31:00 GMT",60.01,-85,"JPM"
"Fri, 03 Oct 2014 12:44:00 GMT",93.27,54,"PEP"
"Fri, 03 Oct 2014 12:44:00 GMT",42.94,-118,"KO"
"Fri, 03 Oct 2014 13:13:00 GMT",188.04,27,"GS"
"Fri, 03 Oct 2014 13:13:00 GMT",60.23,-84,"JPM"
"Fri, 03 Oct 2014 13:53:00 GMT",188.05,-27,"GS"
"Fri, 03 Oct 2014 13:53:00 GMT",60.18,84,"JPM"
"Fri, 03 Oct 2014 13:58:00 GMT",93.39,-54,"PEP"
"Fri, 03 Oct 2014 13:58:00 GMT",42.91,119,"KO"
"Fri, 03 Oct 2014 14:08:00 GMT",93.46,54,"PEP"
"Fri, 03 Oct 2014 14:08:00 GMT",42.97,-119,"KO"
"Mon, 06 Oct 2014 09:32:00 GMT",93.49,54,"PEP"
"Mon, 06 Oct 2014 09:32:00 GMT",43.01,-118,"KO"
"Mon, 06 Oct 2014 12:25:00 GMT",92.92,-54,"PEP"
"Mon, 06 Oct 2014 12:25:00 GMT",43.07,118,"KO"
"Mon, 06 Oct 2014 14:03:00 GMT",93.07,54,"PEP"
"Mon, 06 Oct 2014 14:03:00 GMT",43.27,-117,"KO"
"Mon, 06 Oct 2014 14:20:00 GMT",187.71,27,"GS"
"Mon, 06 Oct 2014 14:20:00 GMT",60.33,-84,"JPM"
"Mon, 06 Oct 2014 14:28:00 GMT",93.26,-54,"PEP"
"Mon, 06 Oct 2014 14:28:00 GMT",43.28,117,"KO"
"Mon, 06 Oct 2014 15:09:00 GMT",187.3,-27,"GS"
"Mon, 06 Oct 2014 15:09:00 GMT",60.19,84,"JPM"
"Tue, 07 Oct 2014 09:33:00 GMT",185.07,-27,"GS"
"Tue, 07 Oct 2014 09:33:00 GMT",59.4,85,"JPM"
"Tue, 07 Oct 2014 09:58:00 GMT",93.2,54,"PEP"
"Tue, 07 Oct 2014 09:58:00 GMT",43.74,-116,"KO"
"Tue, 07 Oct 2014 10:17:00 GMT",185.51,27,"GS"
"Tue, 07 Oct 2014 10:17:00 GMT",59.56,-85,"JPM"
"Tue, 07 Oct 2014 11:52:00 GMT",93.23,-54,"PEP"
"Tue, 07 Oct 2014 11:52:00 GMT",43.98,116,"KO"
"Tue, 07 Oct 2014 12:10:00 GMT",184.88,27,"GS"
"Tue, 07 Oct 2014 12:10:00 GMT",59.58,-85,"JPM"
"Tue, 07 Oct 2014 12:34:00 GMT",185.31,-27,"GS"
"Tue, 07 Oct 2014 12:34:00 GMT",59.57,85,"JPM"
"Tue, 07 Oct 2014 14:34:00 GMT",93.28,-54,"PEP"
"Tue, 07 Oct 2014 14:34:00 GMT",43.9,115,"KO"
"Tue, 07 Oct 2014 14:39:00 GMT",43.85,1,"KO"
"Tue, 07 Oct 2014 14:59:00 GMT",184.97,-27,"GS"
"Tue, 07 Oct 2014 14:59:00 GMT",59.41,85,"JPM"
"Tue, 07 Oct 2014 15:11:00 GMT",93.27,54,"PEP"
"Tue, 07 Oct 2014 15:11:00 GMT",43.97,-116,"KO"
"Tue, 07 Oct 2014 15:37:00 GMT",184.7,27,"GS"
"Tue, 07 Oct 2014 15:37:00 GMT",59.37,-85,"JPM"
"Wed, 08 Oct 2014 09:32:00 GMT",93.21,-54,"PEP"
"Wed, 08 Oct 2014 09:32:00 GMT",43.73,116,"KO"
"Wed, 08 Oct 2014 09:37:00 GMT",183.72,27,"GS"
"Wed, 08 Oct 2014 09:37:00 GMT",59.39,-85,"JPM"
"Wed, 08 Oct 2014 10:02:00 GMT",92.9,54,"PEP"
"Wed, 08 Oct 2014 10:02:00 GMT",43.77,-116,"KO"
"Wed, 08 Oct 2014 11:55:00 GMT",182.82,-27,"GS"
"Wed, 08 Oct 2014 11:55:00 GMT",59.41,85,"JPM"
"Wed, 08 Oct 2014 13:44:00 GMT",93.24,54,"PEP"
"Wed, 08 Oct 2014 13:44:00 GMT",44.09,-115,"KO"
"Wed, 08 Oct 2014 14:11:00 GMT",184.59,27,"GS"
"Wed, 08 Oct 2014 14:11:00 GMT",59.93,-84,"JPM"
"Wed, 08 Oct 2014 14:26:00 GMT",185.09,-27,"GS"
"Wed, 08 Oct 2014 14:26:00 GMT",60.03,84,"JPM"
"Wed, 08 Oct 2014 15:38:00 GMT",93.69,-54,"PEP"
"Wed, 08 Oct 2014 15:38:00 GMT",44.39,115,"KO"
"Thu, 09 Oct 2014 09:32:00 GMT",95.57,-53,"PEP"
"Thu, 09 Oct 2014 09:32:00 GMT",44.52,114,"KO"
"Thu, 09 Oct 2014 09:44:00 GMT",185.26,27,"GS"
"Thu, 09 Oct 2014 09:44:00 GMT",60.2,-84,"JPM"
"Thu, 09 Oct 2014 09:46:00 GMT",60.1,-1,"JPM"
"Thu, 09 Oct 2014 09:53:00 GMT",94.63,53,"PEP"
"Thu, 09 Oct 2014 09:53:00 GMT",44.71,-114,"KO"
"Thu, 09 Oct 2014 11:09:00 GMT",183.54,-27,"GS"
"Thu, 09 Oct 2014 11:09:00 GMT",59.81,85,"JPM"
"Fri, 10 Oct 2014 09:32:00 GMT",94.7,-54,"PEP"
"Fri, 10 Oct 2014 09:32:00 GMT",44.19,115,"KO"
"Fri, 10 Oct 2014 09:35:00 GMT",94.77,54,"PEP"
"Fri, 10 Oct 2014 09:35:00 GMT",44.27,-115,"KO"
"Fri, 10 Oct 2014 09:49:00 GMT",182.52,28,"GS"
"Fri, 10 Oct 2014 09:49:00 GMT",59.71,-85,"JPM"
"Fri, 10 Oct 2014 10:13:00 GMT",181.63,-28,"GS"
"Fri, 10 Oct 2014 10:13:00 GMT",59.33,85,"JPM"
"Fri, 10 Oct 2014 10:53:00 GMT",95.06,53,"PEP"
"Fri, 10 Oct 2014 10:53:00 GMT",44.65,-114,"KO"
"Fri, 10 Oct 2014 11:04:00 GMT",95.3,-53,"PEP"
"Fri, 10 Oct 2014 11:04:00 GMT",44.62,114,"KO"
"Fri, 10 Oct 2014 14:45:00 GMT",181.72,-28,"GS"
"Fri, 10 Oct 2014 14:45:00 GMT",59.03,86,"JPM"
"Fri, 10 Oct 2014 15:32:00 GMT",180.99,28,"GS"
"Fri, 10 Oct 2014 15:32:00 GMT",58.85,-86,"JPM"
"Fri, 10 Oct 2014 15:55:00 GMT",180.63,-28,"GS"
"Fri, 10 Oct 2014 15:55:00 GMT",58.58,87,"JPM"
"Mon, 13 Oct 2014 10:18:00 GMT",180.82,28,"GS"
"Mon, 13 Oct 2014 10:18:00 GMT",58.6,-87,"JPM"
"Mon, 13 Oct 2014 13:18:00 GMT",95.23,-53,"PEP"
"Mon, 13 Oct 2014 13:18:00 GMT",44.44,115,"KO"
"Mon, 13 Oct 2014 13:28:00 GMT",95.16,53,"PEP"
"Mon, 13 Oct 2014 13:28:00 GMT",44.47,-115,"KO"
"Mon, 13 Oct 2014 13:56:00 GMT",94.97,54,"PEP"
"Mon, 13 Oct 2014 13:56:00 GMT",44.58,-115,"KO"
"Mon, 13 Oct 2014 14:17:00 GMT",95.12,-54,"PEP"
"Mon, 13 Oct 2014 14:17:00 GMT",44.52,115,"KO"
"Mon, 13 Oct 2014 15:15:00 GMT",180.59,-28,"GS"
"Mon, 13 Oct 2014 15:15:00 GMT",58.78,87,"JPM"
"Mon, 13 Oct 2014 15:51:00 GMT",179.1,28,"GS"
"Mon, 13 Oct 2014 15:51:00 GMT",58.41,-87,"JPM"
"Tue, 14 Oct 2014 09:32:00 GMT",94.19,-54,"PEP"
"Tue, 14 Oct 2014 09:32:00 GMT",44.08,116,"KO"
"Tue, 14 Oct 2014 09:33:00 GMT",179.87,-28,"GS"
"Tue, 14 Oct 2014 09:33:00 GMT",57.16,90,"JPM"
"Tue, 14 Oct 2014 10:18:00 GMT",179.08,28,"GS"
"Tue, 14 Oct 2014 10:18:00 GMT",57.52,-90,"JPM"
"Tue, 14 Oct 2014 10:57:00 GMT",93.59,54,"PEP"
"Tue, 14 Oct 2014 10:57:00 GMT",43.79,-116,"KO"
"Tue, 14 Oct 2014 12:21:00 GMT",180.36,28,"GS"
"Tue, 14 Oct 2014 12:21:00 GMT",58.13,-88,"JPM"
"Tue, 14 Oct 2014 13:46:00 GMT",179.91,-28,"GS"
"Tue, 14 Oct 2014 13:46:00 GMT",58.01,88,"JPM"
"Tue, 14 Oct 2014 15:42:00 GMT",178.82,-28,"GS"
"Tue, 14 Oct 2014 15:42:00 GMT",57.63,89,"JPM"
"Tue, 14 Oct 2014 15:49:00 GMT",178.56,28,"GS"
"Tue, 14 Oct 2014 15:49:00 GMT",57.74,-89,"JPM"
"Wed, 15 Oct 2014 09:32:00 GMT",92.01,-56,"PEP"
"Wed, 15 Oct 2014 09:32:00 GMT",43.05,120,"KO"
"Wed, 15 Oct 2014 09:39:00 GMT",92.06,56,"PEP"
"Wed, 15 Oct 2014 09:39:00 GMT",43.37,-120,"KO"
"Wed, 15 Oct 2014 09:45:00 GMT",174.7,-29,"GS"
"Wed, 15 Oct 2014 09:45:00 GMT",56.6,92,"JPM"
"Wed, 15 Oct 2014 09:46:00 GMT",91.91,56,"PEP"
"Wed, 15 Oct 2014 09:46:00 GMT",43.39,-119,"KO"
"Wed, 15 Oct 2014 09:50:00 GMT",175.3,29,"GS"
"Wed, 15 Oct 2014 09:50:00 GMT",56.75,-92,"JPM"
"Wed, 15 Oct 2014 09:54:00 GMT",177,-29,"GS"
"Wed, 15 Oct 2014 09:54:00 GMT",56.7,91,"JPM"
"Wed, 15 Oct 2014 09:55:00 GMT",92.3,-56,"PEP"
"Wed, 15 Oct 2014 09:55:00 GMT",43.38,119,"KO"
"Wed, 15 Oct 2014 10:27:00 GMT",175.64,29,"GS"
"Wed, 15 Oct 2014 10:27:00 GMT",56.61,-91,"JPM"
"Wed, 15 Oct 2014 12:43:00 GMT",172.74,-30,"GS"
"Wed, 15 Oct 2014 12:43:00 GMT",55.12,94,"JPM"
"Wed, 15 Oct 2014 13:17:00 GMT",54.41,1,"JPM"
"Wed, 15 Oct 2014 13:21:00 GMT",91.06,-57,"PEP"
"Wed, 15 Oct 2014 13:21:00 GMT",42.82,121,"KO"
"Wed, 15 Oct 2014 13:38:00 GMT",91.08,57,"PEP"
"Wed, 15 Oct 2014 13:38:00 GMT",42.92,-121,"KO"
"Wed, 15 Oct 2014 13:42:00 GMT",172.2,30,"GS"
"Wed, 15 Oct 2014 13:42:00 GMT",54.89,-95,"JPM"
"Thu, 16 Oct 2014 09:38:00 GMT",90.67,-57,"PEP"
"Thu, 16 Oct 2014 09:38:00 GMT",42.6,122,"KO"
"Thu, 16 Oct 2014 09:48:00 GMT",90.41,57,"PEP"
"Thu, 16 Oct 2014 09:48:00 GMT",42.71,-122,"KO"
"Thu, 16 Oct 2014 11:21:00 GMT",173.64,30,"GS"
"Thu, 16 Oct 2014 11:21:00 GMT",55.53,-94,"JPM"
"Thu, 16 Oct 2014 11:53:00 GMT",174.43,-30,"GS"
"Thu, 16 Oct 2014 11:53:00 GMT",55.44,94,"JPM"
"Thu, 16 Oct 2014 14:40:00 GMT",90.93,-57,"PEP"
"Thu, 16 Oct 2014 14:40:00 GMT",42.7,123,"KO"
"Thu, 16 Oct 2014 15:40:00 GMT",172.63,-30,"GS"
"Thu, 16 Oct 2014 15:40:00 GMT",55.05,95,"JPM"
"Fri, 17 Oct 2014 09:34:00 GMT",55.84,-1,"JPM"
"Fri, 17 Oct 2014 09:53:00 GMT",176.02,30,"GS"
"Fri, 17 Oct 2014 09:53:00 GMT",56.03,-94,"JPM"
"Fri, 17 Oct 2014 09:57:00 GMT",90.93,57,"PEP"
"Fri, 17 Oct 2014 09:57:00 GMT",42.59,-123,"KO"
"Fri, 17 Oct 2014 12:46:00 GMT",91.77,57,"PEP"
"Fri, 17 Oct 2014 12:46:00 GMT",43,-122,"KO"
"Fri, 17 Oct 2014 14:07:00 GMT",91.53,-57,"PEP"
"Fri, 17 Oct 2014 14:07:00 GMT",42.86,122,"KO"
"Mon, 20 Oct 2014 13:33:00 GMT",177.83,29,"GS"
"Mon, 20 Oct 2014 13:33:00 GMT",56.55,-92,"JPM"
"Mon, 20 Oct 2014 14:45:00 GMT",177.42,-29,"GS"
"Mon, 20 Oct 2014 14:45:00 GMT",56.51,92,"JPM"
"Mon, 20 Oct 2014 15:15:00 GMT",177.53,29,"GS"
"Mon, 20 Oct 2014 15:15:00 GMT",56.69,-92,"JPM"
"Mon, 20 Oct 2014 15:50:00 GMT",177.62,-29,"GS"
"Mon, 20 Oct 2014 15:50:00 GMT",56.67,92,"JPM"
"Tue, 21 Oct 2014 09:32:00 GMT",92.87,-56,"PEP"
"Tue, 21 Oct 2014 09:32:00 GMT",41,128,"KO"
"Tue, 21 Oct 2014 09:44:00 GMT",179.22,29,"GS"
"Tue, 21 Oct 2014 09:44:00 GMT",57.34,-91,"JPM"
"Tue, 21 Oct 2014 11:03:00 GMT",179.24,-29,"GS"
"Tue, 21 Oct 2014 11:03:00 GMT",57.52,91,"JPM"
"Tue, 21 Oct 2014 11:05:00 GMT",93.51,56,"PEP"
"Tue, 21 Oct 2014 11:05:00 GMT",40.6,-128,"KO"
"Tue, 21 Oct 2014 15:16:00 GMT",179.96,28,"GS"
"Tue, 21 Oct 2014 15:16:00 GMT",57.99,-89,"JPM"
"Tue, 21 Oct 2014 15:30:00 GMT",180.27,-28,"GS"
"Tue, 21 Oct 2014 15:30:00 GMT",57.97,89,"JPM"
"Wed, 22 Oct 2014 09:34:00 GMT",94.12,-55,"PEP"
"Wed, 22 Oct 2014 09:34:00 GMT",40.19,129,"KO"
"Wed, 22 Oct 2014 09:41:00 GMT",179.33,29,"GS"
"Wed, 22 Oct 2014 09:41:00 GMT",58,-89,"JPM"
"Wed, 22 Oct 2014 10:19:00 GMT",94.33,55,"PEP"
"Wed, 22 Oct 2014 10:19:00 GMT",40.48,-129,"KO"
"Wed, 22 Oct 2014 11:07:00 GMT",179.13,-29,"GS"
"Wed, 22 Oct 2014 11:07:00 GMT",58.13,89,"JPM"
"Wed, 22 Oct 2014 11:36:00 GMT",179.03,29,"GS"
"Wed, 22 Oct 2014 11:36:00 GMT",58.23,-89,"JPM"
"Wed, 22 Oct 2014 12:08:00 GMT",179.05,-29,"GS"
"Wed, 22 Oct 2014 12:08:00 GMT",58.17,89,"JPM"
"Wed, 22 Oct 2014 13:26:00 GMT",177.99,-29,"GS"
"Wed, 22 Oct 2014 13:26:00 GMT",57.74,90,"JPM"
"Wed, 22 Oct 2014 14:36:00 GMT",177.64,29,"GS"
"Wed, 22 Oct 2014 14:36:00 GMT",57.67,-90,"JPM"
"Thu, 23 Oct 2014 09:32:00 GMT",178.79,29,"GS"
"Thu, 23 Oct 2014 09:32:00 GMT",58.17,-89,"JPM"
"Thu, 23 Oct 2014 09:36:00 GMT",95.16,-54,"PEP"
"Thu, 23 Oct 2014 09:36:00 GMT",40.85,127,"KO"
"Thu, 23 Oct 2014 09:44:00 GMT",95.24,108,"PEP"
"Thu, 23 Oct 2014 09:44:00 GMT",40.99,-254,"KO"
"Thu, 23 Oct 2014 10:00:00 GMT",179.35,-29,"GS"
"Thu, 23 Oct 2014 10:00:00 GMT",58.21,89,"JPM"
"Thu, 23 Oct 2014 10:06:00 GMT",41.21,1,"KO"
"Thu, 23 Oct 2014 11:11:00 GMT",94.61,-54,"PEP"
"Thu, 23 Oct 2014 11:11:00 GMT",41.15,126,"KO"
"Thu, 23 Oct 2014 13:26:00 GMT",94.21,55,"PEP"
"Thu, 23 Oct 2014 13:26:00 GMT",41,-126,"KO"
"Thu, 23 Oct 2014 15:03:00 GMT",93.81,-55,"PEP"
"Thu, 23 Oct 2014 15:03:00 GMT",41.02,126,"KO"
"Fri, 24 Oct 2014 11:50:00 GMT",182.65,-28,"GS"
"Fri, 24 Oct 2014 11:50:00 GMT",58.47,88,"JPM"
"Fri, 24 Oct 2014 12:23:00 GMT",182.67,28,"GS"
"Fri, 24 Oct 2014 12:23:00 GMT",58.52,-88,"JPM"
"Fri, 24 Oct 2014 13:22:00 GMT",182.99,-28,"GS"
"Fri, 24 Oct 2014 13:22:00 GMT",58.36,88,"JPM"
"Fri, 24 Oct 2014 13:41:00 GMT",182.87,28,"GS"
"Fri, 24 Oct 2014 13:41:00 GMT",58.44,-88,"JPM"
"Fri, 24 Oct 2014 13:44:00 GMT",94.51,54,"PEP"
"Fri, 24 Oct 2014 13:44:00 GMT",41.06,-126,"KO"
"Fri, 24 Oct 2014 14:01:00 GMT",94.47,-54,"PEP"
"Fri, 24 Oct 2014 14:01:00 GMT",41,126,"KO"
"Fri, 24 Oct 2014 14:25:00 GMT",94.37,55,"PEP"
"Fri, 24 Oct 2014 14:25:00 GMT",41.11,-126,"KO"
"Fri, 24 Oct 2014 14:51:00 GMT",94.52,-55,"PEP"
"Fri, 24 Oct 2014 14:51:00 GMT",41.09,126,"KO"
"Fri, 24 Oct 2014 15:48:00 GMT",183.25,28,"GS"
"Fri, 24 Oct 2014 15:48:00 GMT",58.75,-88,"JPM"
"Mon, 27 Oct 2014 09:32:00 GMT",94.81,-54,"PEP"
"Mon, 27 Oct 2014 09:32:00 GMT",40.8,127,"KO"
"Mon, 27 Oct 2014 09:34:00 GMT",94.77,-1,"PEP"
"Mon, 27 Oct 2014 09:37:00 GMT",183.31,-56,"GS"
"Mon, 27 Oct 2014 09:37:00 GMT",58.37,177,"JPM"
"Mon, 27 Oct 2014 09:39:00 GMT",40.73,1,"KO"
"Mon, 27 Oct 2014 09:42:00 GMT",182.65,28,"GS"
"Mon, 27 Oct 2014 09:42:00 GMT",58.43,-89,"JPM"
"Mon, 27 Oct 2014 10:49:00 GMT",95.16,55,"PEP"
"Mon, 27 Oct 2014 10:49:00 GMT",40.9,-128,"KO"
"Mon, 27 Oct 2014 11:52:00 GMT",94.62,-55,"PEP"
"Mon, 27 Oct 2014 11:52:00 GMT",40.62,128,"KO"
"Mon, 27 Oct 2014 12:41:00 GMT",94.61,55,"PEP"
"Mon, 27 Oct 2014 12:41:00 GMT",40.65,-128,"KO"
"Mon, 27 Oct 2014 15:52:00 GMT",94.6,55,"PEP"
"Mon, 27 Oct 2014 15:52:00 GMT",40.75,-128,"KO"
"Tue, 28 Oct 2014 09:37:00 GMT",94.9,-55,"PEP"
"Tue, 28 Oct 2014 09:37:00 GMT",40.85,128,"KO"
"Tue, 28 Oct 2014 09:38:00 GMT",184.33,28,"GS"
"Tue, 28 Oct 2014 09:38:00 GMT",59,-88,"JPM"
"Tue, 28 Oct 2014 10:52:00 GMT",183.86,-28,"GS"
"Tue, 28 Oct 2014 10:52:00 GMT",59.07,88,"JPM"
"Tue, 28 Oct 2014 11:49:00 GMT",94.72,-55,"PEP"
"Tue, 28 Oct 2014 11:49:00 GMT",40.55,128,"KO"
"Tue, 28 Oct 2014 12:40:00 GMT",94.84,55,"PEP"
"Tue, 28 Oct 2014 12:40:00 GMT",40.57,-128,"KO"
"Tue, 28 Oct 2014 15:07:00 GMT",95.06,-54,"PEP"
"Tue, 28 Oct 2014 15:07:00 GMT",40.53,128,"KO"
"Wed, 29 Oct 2014 09:33:00 GMT",94.95,54,"PEP"
"Wed, 29 Oct 2014 09:33:00 GMT",40.58,-128,"KO"
"Wed, 29 Oct 2014 09:34:00 GMT",186.23,-28,"GS"
"Wed, 29 Oct 2014 09:34:00 GMT",59.34,87,"JPM"
"Wed, 29 Oct 2014 09:36:00 GMT",59.43,1,"JPM"
"Wed, 29 Oct 2014 09:55:00 GMT",186.24,28,"GS"
"Wed, 29 Oct 2014 09:55:00 GMT",59.62,-88,"JPM"
"Wed, 29 Oct 2014 10:43:00 GMT",95.16,55,"PEP"
"Wed, 29 Oct 2014 10:43:00 GMT",40.73,-128,"KO"
"Wed, 29 Oct 2014 12:55:00 GMT",185.65,-28,"GS"
"Wed, 29 Oct 2014 12:55:00 GMT",59,88,"JPM"
"Wed, 29 Oct 2014 12:56:00 GMT",94.73,-55,"PEP"
"Wed, 29 Oct 2014 12:56:00 GMT",40.95,128,"KO"
"Wed, 29 Oct 2014 14:05:00 GMT",94.39,55,"PEP"
"Wed, 29 Oct 2014 14:05:00 GMT",40.96,-126,"KO"
"Wed, 29 Oct 2014 14:07:00 GMT",40.95,-1,"KO"
"Wed, 29 Oct 2014 14:12:00 GMT",186.48,28,"GS"
"Wed, 29 Oct 2014 14:12:00 GMT",59.16,-88,"JPM"
"Wed, 29 Oct 2014 14:32:00 GMT",94.38,-55,"PEP"
"Wed, 29 Oct 2014 14:32:00 GMT",40.87,127,"KO"
"Wed, 29 Oct 2014 15:34:00 GMT",186.27,27,"GS"
"Wed, 29 Oct 2014 15:34:00 GMT",59.23,-87,"JPM"
"Wed, 29 Oct 2014 15:36:00 GMT",59.22,-1,"JPM"
"Thu, 30 Oct 2014 09:38:00 GMT",94.37,55,"PEP"
"Thu, 30 Oct 2014 09:38:00 GMT",41.02,-126,"KO"
"Thu, 30 Oct 2014 09:39:00 GMT",41.05,-1,"KO"
"Thu, 30 Oct 2014 09:40:00 GMT",186.39,-27,"GS"
"Thu, 30 Oct 2014 09:40:00 GMT",59.11,88,"JPM"
"Thu, 30 Oct 2014 10:19:00 GMT",95.1,-55,"PEP"
"Thu, 30 Oct 2014 10:19:00 GMT",41.25,127,"KO"
"Thu, 30 Oct 2014 12:33:00 GMT",186.45,28,"GS"
"Thu, 30 Oct 2014 12:33:00 GMT",59.36,-88,"JPM"
"Thu, 30 Oct 2014 13:26:00 GMT",95.87,-54,"PEP"
"Thu, 30 Oct 2014 13:26:00 GMT",41.39,126,"KO"
"Thu, 30 Oct 2014 13:54:00 GMT",95.96,54,"PEP"
"Thu, 30 Oct 2014 13:54:00 GMT",41.51,-126,"KO"
"Thu, 30 Oct 2014 14:25:00 GMT",186.5,-28,"GS"
"Thu, 30 Oct 2014 14:25:00 GMT",59.53,88,"JPM"
"Thu, 30 Oct 2014 14:51:00 GMT",186.38,-28,"GS"
"Thu, 30 Oct 2014 14:51:00 GMT",59.27,88,"JPM"
"Thu, 30 Oct 2014 15:58:00 GMT",187.04,28,"GS"
"Thu, 30 Oct 2014 15:58:00 GMT",59.38,-88,"JPM"
"Fri, 31 Oct 2014 12:43:00 GMT",189.73,-27,"GS"
"Fri, 31 Oct 2014 12:43:00 GMT",60.21,86,"JPM"
"Fri, 31 Oct 2014 12:53:00 GMT",189.67,27,"GS"
"Fri, 31 Oct 2014 12:53:00 GMT",60.28,-86,"JPM"
"Mon, 03 Nov 2014 09:36:00 GMT",96.14,54,"PEP"
"Mon, 03 Nov 2014 09:36:00 GMT",41.93,-124,"KO"
"Mon, 03 Nov 2014 09:38:00 GMT",190.22,27,"GS"
"Mon, 03 Nov 2014 09:38:00 GMT",60.64,-86,"JPM"
"Mon, 03 Nov 2014 09:51:00 GMT",190.34,-27,"GS"
"Mon, 03 Nov 2014 09:51:00 GMT",60.54,86,"JPM"
"Mon, 03 Nov 2014 10:39:00 GMT",95.76,-54,"PEP"
"Mon, 03 Nov 2014 10:39:00 GMT",41.88,124,"KO"
"Mon, 03 Nov 2014 14:45:00 GMT",95.9,54,"PEP"
"Mon, 03 Nov 2014 14:45:00 GMT",41.75,-125,"KO"
"Tue, 04 Nov 2014 09:32:00 GMT",96.34,-54,"PEP"
"Tue, 04 Nov 2014 09:32:00 GMT",41.97,125,"KO"
"Tue, 04 Nov 2014 09:37:00 GMT",190.32,-27,"GS"
"Tue, 04 Nov 2014 09:37:00 GMT",60.05,86,"JPM"
"Tue, 04 Nov 2014 09:44:00 GMT",59.68,1,"JPM"
"Tue, 04 Nov 2014 10:20:00 GMT",96.51,-54,"PEP"
"Tue, 04 Nov 2014 10:20:00 GMT",41.92,124,"KO"
"Tue, 04 Nov 2014 10:41:00 GMT",96.31,54,"PEP"
"Tue, 04 Nov 2014 10:41:00 GMT",41.89,-124,"KO"
"Tue, 04 Nov 2014 10:42:00 GMT",189.73,27,"GS"
"Tue, 04 Nov 2014 10:42:00 GMT",59.87,-87,"JPM"
"Tue, 04 Nov 2014 12:47:00 GMT",190.75,27,"GS"
"Tue, 04 Nov 2014 12:47:00 GMT",60.02,-86,"JPM"
"Tue, 04 Nov 2014 12:48:00 GMT",60.07,-1,"JPM"
"Tue, 04 Nov 2014 13:21:00 GMT",190.11,-27,"GS"
"Tue, 04 Nov 2014 13:21:00 GMT",59.82,87,"JPM"
"Tue, 04 Nov 2014 15:53:00 GMT",190.25,27,"GS"
"Tue, 04 Nov 2014 15:53:00 GMT",60.22,-86,"JPM"
"Wed, 05 Nov 2014 09:36:00 GMT",97.6,53,"PEP"
"Wed, 05 Nov 2014 09:36:00 GMT",42.45,-123,"KO"
"Wed, 05 Nov 2014 09:59:00 GMT",97.47,-53,"PEP"
"Wed, 05 Nov 2014 09:59:00 GMT",42.28,123,"KO"
"Wed, 05 Nov 2014 10:29:00 GMT",190.16,-27,"GS"
"Wed, 05 Nov 2014 10:29:00 GMT",60.48,86,"JPM"
"Wed, 05 Nov 2014 15:13:00 GMT",96.75,-53,"PEP"
"Wed, 05 Nov 2014 15:13:00 GMT",42.25,123,"KO"
"Wed, 05 Nov 2014 15:24:00 GMT",96.72,53,"PEP"
"Wed, 05 Nov 2014 15:24:00 GMT",42.26,-123,"KO"
"Wed, 05 Nov 2014 15:34:00 GMT",96.79,-53,"PEP"
"Wed, 05 Nov 2014 15:34:00 GMT",42.25,123,"KO"
"Wed, 05 Nov 2014 15:52:00 GMT",96.84,53,"PEP"
"Wed, 05 Nov 2014 15:52:00 GMT",42.3,-123,"KO"
"Thu, 06 Nov 2014 09:33:00 GMT",97.01,53,"PEP"
"Thu, 06 Nov 2014 09:33:00 GMT",42.51,-122,"KO"
"Thu, 06 Nov 2014 09:49:00 GMT",97.04,-53,"PEP"
"Thu, 06 Nov 2014 09:49:00 GMT",42.43,122,"KO"
"Thu, 06 Nov 2014 13:23:00 GMT",96.71,54,"PEP"
"Thu, 06 Nov 2014 13:23:00 GMT",42.34,-123,"KO"
"Thu, 06 Nov 2014 13:47:00 GMT",96.73,-54,"PEP"
"Thu, 06 Nov 2014 13:47:00 GMT",42.3,123,"KO"
"Fri, 07 Nov 2014 09:32:00 GMT",96.25,54,"PEP"
"Fri, 07 Nov 2014 09:32:00 GMT",42.24,-123,"KO"
"Fri, 07 Nov 2014 09:42:00 GMT",189.78,27,"GS"
"Fri, 07 Nov 2014 09:42:00 GMT",61.1,-85,"JPM"
"Fri, 07 Nov 2014 10:28:00 GMT",96.29,-54,"PEP"
"Fri, 07 Nov 2014 10:28:00 GMT",42.32,123,"KO"
"Fri, 07 Nov 2014 11:06:00 GMT",190.38,-27,"GS"
"Fri, 07 Nov 2014 11:06:00 GMT",61.36,85,"JPM"
"Fri, 07 Nov 2014 11:39:00 GMT",190.18,27,"GS"
"Fri, 07 Nov 2014 11:39:00 GMT",61.49,-84,"JPM"
"Fri, 07 Nov 2014 11:48:00 GMT",190.57,-27,"GS"
"Fri, 07 Nov 2014 11:48:00 GMT",61.42,84,"JPM"
"Fri, 07 Nov 2014 13:24:00 GMT",190.93,-27,"GS"
"Fri, 07 Nov 2014 13:24:00 GMT",61.32,85,"JPM"
"Fri, 07 Nov 2014 13:37:00 GMT",96.43,-54,"PEP"
"Fri, 07 Nov 2014 13:37:00 GMT",42.23,123,"KO"
"Fri, 07 Nov 2014 13:39:00 GMT",190.95,27,"GS"
"Fri, 07 Nov 2014 13:39:00 GMT",61.43,-85,"JPM"
"Fri, 07 Nov 2014 13:49:00 GMT",96.46,54,"PEP"
"Fri, 07 Nov 2014 13:49:00 GMT",42.32,-123,"KO"
"Mon, 10 Nov 2014 09:50:00 GMT",191.04,27,"GS"
"Mon, 10 Nov 2014 09:50:00 GMT",61.86,-84,"JPM"
"Mon, 10 Nov 2014 10:03:00 GMT",96.55,54,"PEP"
"Mon, 10 Nov 2014 10:03:00 GMT",42.33,-123,"KO"
"Mon, 10 Nov 2014 10:17:00 GMT",96.53,-54,"PEP"
"Mon, 10 Nov 2014 10:17:00 GMT",42.26,123,"KO"
"Mon, 10 Nov 2014 10:29:00 GMT",190.8,-27,"GS"
"Mon, 10 Nov 2014 10:29:00 GMT",61.63,84,"JPM"
"Mon, 10 Nov 2014 13:50:00 GMT",191.57,-27,"GS"
"Mon, 10 Nov 2014 13:50:00 GMT",61.7,85,"JPM"
"Mon, 10 Nov 2014 14:44:00 GMT",191.66,27,"GS"
"Mon, 10 Nov 2014 14:44:00 GMT",61.7,-85,"JPM"
"Tue, 11 Nov 2014 09:36:00 GMT",96.9,54,"PEP"
"Tue, 11 Nov 2014 09:36:00 GMT",42.43,-123,"KO"
"Tue, 11 Nov 2014 10:02:00 GMT",97,-54,"PEP"
"Tue, 11 Nov 2014 10:02:00 GMT",42.43,123,"KO"
"Tue, 11 Nov 2014 13:08:00 GMT",191.83,27,"GS"
"Tue, 11 Nov 2014 13:08:00 GMT",61.75,-85,"JPM"
"Tue, 11 Nov 2014 13:23:00 GMT",191.91,-27,"GS"
"Tue, 11 Nov 2014 13:23:00 GMT",61.71,85,"JPM"
"Tue, 11 Nov 2014 14:14:00 GMT",96.77,54,"PEP"
"Tue, 11 Nov 2014 14:14:00 GMT",42.51,-123,"KO"
"Tue, 11 Nov 2014 14:36:00 GMT",96.82,-54,"PEP"
"Tue, 11 Nov 2014 14:36:00 GMT",42.52,123,"KO"
"Wed, 12 Nov 2014 09:32:00 GMT",190.26,-27,"GS"
"Wed, 12 Nov 2014 09:32:00 GMT",60.49,86,"JPM"
"Wed, 12 Nov 2014 09:33:00 GMT",96.36,54,"PEP"
"Wed, 12 Nov 2014 09:33:00 GMT",42.5,-123,"KO"
"Wed, 12 Nov 2014 09:43:00 GMT",96.52,-54,"PEP"
"Wed, 12 Nov 2014 09:43:00 GMT",42.41,123,"KO"
"Wed, 12 Nov 2014 10:09:00 GMT",189.91,27,"GS"
"Wed, 12 Nov 2014 10:09:00 GMT",60.79,-86,"JPM"
"Wed, 12 Nov 2014 10:19:00 GMT",96.95,54,"PEP"
"Wed, 12 Nov 2014 10:19:00 GMT",42.73,-123,"KO"
"Wed, 12 Nov 2014 10:56:00 GMT",96.97,-54,"PEP"
"Wed, 12 Nov 2014 10:56:00 GMT",42.73,123,"KO"
"Wed, 12 Nov 2014 14:40:00 GMT",189.99,-27,"GS"
"Wed, 12 Nov 2014 14:40:00 GMT",60.35,87,"JPM"
"Wed, 12 Nov 2014 15:24:00 GMT",189.89,27,"GS"
"Wed, 12 Nov 2014 15:24:00 GMT",60.36,-87,"JPM"
"Thu, 13 Nov 2014 09:33:00 GMT",190.69,-27,"GS"
"Thu, 13 Nov 2014 09:33:00 GMT",60.44,87,"JPM"
"Thu, 13 Nov 2014 09:34:00 GMT",97.39,-54,"PEP"
"Thu, 13 Nov 2014 09:34:00 GMT",42.75,123,"KO"
"Thu, 13 Nov 2014 09:38:00 GMT",97.72,54,"PEP"
"Thu, 13 Nov 2014 09:38:00 GMT",42.87,-123,"KO"
"Thu, 13 Nov 2014 09:43:00 GMT",98.27,-53,"PEP"
"Thu, 13 Nov 2014 09:43:00 GMT",42.95,123,"KO"
"Thu, 13 Nov 2014 09:46:00 GMT",189.9,27,"GS"
"Thu, 13 Nov 2014 09:46:00 GMT",60.39,-87,"JPM"
"Thu, 13 Nov 2014 09:54:00 GMT",97.94,53,"PEP"
"Thu, 13 Nov 2014 09:54:00 GMT",42.95,-123,"KO"
"Thu, 13 Nov 2014 10:06:00 GMT",98.47,-53,"PEP"
"Thu, 13 Nov 2014 10:06:00 GMT",42.96,123,"KO"
"Thu, 13 Nov 2014 11:29:00 GMT",98.57,53,"PEP"
"Thu, 13 Nov 2014 11:29:00 GMT",42.91,-123,"KO"
"Thu, 13 Nov 2014 15:55:00 GMT",98.54,-53,"PEP"
"Thu, 13 Nov 2014 15:55:00 GMT",42.75,123,"KO"
"Fri, 14 Nov 2014 09:32:00 GMT",97.99,53,"PEP"
"Fri, 14 Nov 2014 09:32:00 GMT",42.66,-123,"KO"
"Fri, 14 Nov 2014 09:35:00 GMT",98.03,54,"PEP"
"Fri, 14 Nov 2014 09:35:00 GMT",42.77,-123,"KO"
"Fri, 14 Nov 2014 10:05:00 GMT",190.17,27,"GS"
"Fri, 14 Nov 2014 10:05:00 GMT",60.47,-87,"JPM"
"Fri, 14 Nov 2014 10:26:00 GMT",97.97,-54,"PEP"
"Fri, 14 Nov 2014 10:26:00 GMT",42.72,123,"KO"
"Fri, 14 Nov 2014 11:31:00 GMT",189.7,-27,"GS"
"Fri, 14 Nov 2014 11:31:00 GMT",60.49,87,"JPM"
"Fri, 14 Nov 2014 14:26:00 GMT",97.42,54,"PEP"
"Fri, 14 Nov 2014 14:26:00 GMT",42.58,-124,"KO"
"Fri, 14 Nov 2014 14:43:00 GMT",190.04,-27,"GS"
"Fri, 14 Nov 2014 14:43:00 GMT",60.29,87,"JPM"
"Fri, 14 Nov 2014 15:17:00 GMT",97.58,-54,"PEP"
"Fri, 14 Nov 2014 15:17:00 GMT",42.61,124,"KO"
"Fri, 14 Nov 2014 15:21:00 GMT",189.92,27,"GS"
"Fri, 14 Nov 2014 15:21:00 GMT",60.3,-87,"JPM"
"Mon, 17 Nov 2014 09:33:00 GMT",97.73,54,"PEP"
"Mon, 17 Nov 2014 09:33:00 GMT",42.84,-123,"KO"
"Mon, 17 Nov 2014 09:37:00 GMT",189.95,-27,"GS"
"Mon, 17 Nov 2014 09:37:00 GMT",60.03,88,"JPM"
"Mon, 17 Nov 2014 09:59:00 GMT",97.86,-54,"PEP"
"Mon, 17 Nov 2014 09:59:00 GMT",42.82,123,"KO"
"Mon, 17 Nov 2014 10:29:00 GMT",191.02,27,"GS"
"Mon, 17 Nov 2014 10:29:00 GMT",60.28,-88,"JPM"
"Mon, 17 Nov 2014 12:41:00 GMT",98.32,53,"PEP"
"Mon, 17 Nov 2014 12:41:00 GMT",42.97,-123,"KO"
"Mon, 17 Nov 2014 12:50:00 GMT",190.01,27,"GS"
"Mon, 17 Nov 2014 12:50:00 GMT",60.33,-87,"JPM"
"Mon, 17 Nov 2014 12:59:00 GMT",98.28,-53,"PEP"
"Mon, 17 Nov 2014 12:59:00 GMT",42.92,123,"KO"
"Mon, 17 Nov 2014 14:28:00 GMT",190.01,-27,"GS"
"Mon, 17 Nov 2014 14:28:00 GMT",60.41,87,"JPM"
"Tue, 18 Nov 2014 09:34:00 GMT",190.3,-27,"GS"
"Tue, 18 Nov 2014 09:34:00 GMT",60.27,88,"JPM"
"Tue, 18 Nov 2014 09:41:00 GMT",189.73,27,"GS"
"Tue, 18 Nov 2014 09:41:00 GMT",60.29,-88,"JPM"
"Tue, 18 Nov 2014 09:45:00 GMT",97.92,54,"PEP"
"Tue, 18 Nov 2014 09:45:00 GMT",42.9,-123,"KO"
"Tue, 18 Nov 2014 10:03:00 GMT",98.26,-54,"PEP"
"Tue, 18 Nov 2014 10:03:00 GMT",42.88,123,"KO"
"Tue, 18 Nov 2014 10:35:00 GMT",189.95,28,"GS"
"Tue, 18 Nov 2014 10:35:00 GMT",60.66,-87,"JPM"
"Tue, 18 Nov 2014 12:08:00 GMT",189.88,-28,"GS"
"Tue, 18 Nov 2014 12:08:00 GMT",60.69,87,"JPM"
"Tue, 18 Nov 2014 14:16:00 GMT",98.15,54,"PEP"
"Tue, 18 Nov 2014 14:16:00 GMT",43.02,-123,"KO"
"Tue, 18 Nov 2014 14:46:00 GMT",43.56,1,"KO"
"Tue, 18 Nov 2014 14:57:00 GMT",43.68,1,"KO"
"Tue, 18 Nov 2014 15:25:00 GMT",98.13,-54,"PEP"
"Tue, 18 Nov 2014 15:25:00 GMT",43.52,121,"KO"
"Tue, 18 Nov 2014 15:50:00 GMT",189.81,-27,"GS"
"Tue, 18 Nov 2014 15:50:00 GMT",60.58,87,"JPM"
"Wed, 19 Nov 2014 09:33:00 GMT",98.25,53,"PEP"
"Wed, 19 Nov 2014 09:33:00 GMT",44.17,-119,"KO"
"Wed, 19 Nov 2014 09:39:00 GMT",98.02,1,"PEP"
"Wed, 19 Nov 2014 09:39:00 GMT",44,-1,"KO"
"Wed, 19 Nov 2014 10:30:00 GMT",188.66,27,"GS"
"Wed, 19 Nov 2014 10:30:00 GMT",60.2,-87,"JPM"
"Wed, 19 Nov 2014 10:38:00 GMT",98.04,-54,"PEP"
"Wed, 19 Nov 2014 10:38:00 GMT",44,120,"KO"
"Wed, 19 Nov 2014 11:10:00 GMT",188.73,28,"GS"
"Wed, 19 Nov 2014 11:10:00 GMT",60.38,-87,"JPM"
"Wed, 19 Nov 2014 12:00:00 GMT",189.29,-28,"GS"
"Wed, 19 Nov 2014 12:00:00 GMT",60.52,87,"JPM"
"Wed, 19 Nov 2014 14:07:00 GMT",189.75,27,"GS"
"Wed, 19 Nov 2014 14:07:00 GMT",60.72,-87,"JPM"
"Wed, 19 Nov 2014 14:34:00 GMT",98.27,53,"PEP"
"Wed, 19 Nov 2014 14:34:00 GMT",44.17,-119,"KO"
"Wed, 19 Nov 2014 14:40:00 GMT",98.24,-53,"PEP"
"Wed, 19 Nov 2014 14:40:00 GMT",44.1,119,"KO"
"Wed, 19 Nov 2014 15:07:00 GMT",189.3,-27,"GS"
"Wed, 19 Nov 2014 15:07:00 GMT",60.57,87,"JPM"
"Wed, 19 Nov 2014 15:14:00 GMT",98.27,53,"PEP"
"Wed, 19 Nov 2014 15:14:00 GMT",44.22,-119,"KO"
"Wed, 19 Nov 2014 15:51:00 GMT",98.38,-53,"PEP"
"Wed, 19 Nov 2014 15:51:00 GMT",44.28,119,"KO"
"Thu, 20 Nov 2014 09:37:00 GMT",187.98,-28,"GS"
"Thu, 20 Nov 2014 09:37:00 GMT",60.03,88,"JPM"
"Thu, 20 Nov 2014 11:17:00 GMT",188.91,28,"GS"
"Thu, 20 Nov 2014 11:17:00 GMT",60.1,-88,"JPM"
"Thu, 20 Nov 2014 11:51:00 GMT",189.39,-27,"GS"
"Thu, 20 Nov 2014 11:51:00 GMT",60.1,87,"JPM"
"Thu, 20 Nov 2014 12:54:00 GMT",59.78,1,"JPM"
"Thu, 20 Nov 2014 13:14:00 GMT",189.05,27,"GS"
"Thu, 20 Nov 2014 13:14:00 GMT",59.91,-88,"JPM"
"Thu, 20 Nov 2014 14:22:00 GMT",189.19,27,"GS"
"Thu, 20 Nov 2014 14:22:00 GMT",60.08,-87,"JPM"
"Thu, 20 Nov 2014 14:57:00 GMT",189.37,-27,"GS"
"Thu, 20 Nov 2014 14:57:00 GMT",60.06,87,"JPM"
"Fri, 21 Nov 2014 09:32:00 GMT",98.68,53,"PEP"
"Fri, 21 Nov 2014 09:32:00 GMT",44.61,-118,"KO"
"Fri, 21 Nov 2014 09:34:00 GMT",191.11,27,"GS"
"Fri, 21 Nov 2014 09:34:00 GMT",60.93,-86,"JPM"
"Fri, 21 Nov 2014 09:37:00 GMT",98.91,-53,"PEP"
"Fri, 21 Nov 2014 09:37:00 GMT",44.59,118,"KO"
"Fri, 21 Nov 2014 09:56:00 GMT",98.83,53,"PEP"
"Fri, 21 Nov 2014 09:56:00 GMT",44.71,-118,"KO"
"Fri, 21 Nov 2014 10:18:00 GMT",98.54,-53,"PEP"
"Fri, 21 Nov 2014 10:18:00 GMT",44.48,118,"KO"
"Fri, 21 Nov 2014 11:08:00 GMT",189.97,-27,"GS"
"Fri, 21 Nov 2014 11:08:00 GMT",60.86,86,"JPM"
"Fri, 21 Nov 2014 14:47:00 GMT",189.63,27,"GS"
"Fri, 21 Nov 2014 14:47:00 GMT",60.48,-87,"JPM"
"Fri, 21 Nov 2014 15:32:00 GMT",189.7,-27,"GS"
"Fri, 21 Nov 2014 15:32:00 GMT",60.45,87,"JPM"
"Mon, 24 Nov 2014 09:33:00 GMT",98.59,53,"PEP"
"Mon, 24 Nov 2014 09:33:00 GMT",44.66,-118,"KO"
"Mon, 24 Nov 2014 09:38:00 GMT",190.63,27,"GS"
"Mon, 24 Nov 2014 09:38:00 GMT",61.27,-86,"JPM"
"Mon, 24 Nov 2014 10:12:00 GMT",98.86,-53,"PEP"
"Mon, 24 Nov 2014 10:12:00 GMT",44.58,118,"KO"
"Mon, 24 Nov 2014 10:59:00 GMT",190,-27,"GS"
"Mon, 24 Nov 2014 10:59:00 GMT",61.06,86,"JPM"
"Mon, 24 Nov 2014 11:17:00 GMT",189.89,-27,"GS"
"Mon, 24 Nov 2014 11:17:00 GMT",60.76,87,"JPM"
"Mon, 24 Nov 2014 11:18:00 GMT",98.9,-53,"PEP"
"Mon, 24 Nov 2014 11:18:00 GMT",44.39,119,"KO"
"Mon, 24 Nov 2014 12:09:00 GMT",190,27,"GS"
"Mon, 24 Nov 2014 12:09:00 GMT",60.83,-87,"JPM"
"Mon, 24 Nov 2014 12:41:00 GMT",98.72,53,"PEP"
"Mon, 24 Nov 2014 12:41:00 GMT",44.31,-119,"KO"
"Mon, 24 Nov 2014 14:07:00 GMT",190,27,"GS"
"Mon, 24 Nov 2014 14:07:00 GMT",60.95,-87,"JPM"
"Mon, 24 Nov 2014 15:07:00 GMT",189.75,-27,"GS"
"Mon, 24 Nov 2014 15:07:00 GMT",60.89,87,"JPM"
"Mon, 24 Nov 2014 15:45:00 GMT",98.64,-53,"PEP"
"Mon, 24 Nov 2014 15:45:00 GMT",44.22,119,"KO"
"Mon, 24 Nov 2014 15:59:00 GMT",98.66,53,"PEP"
"Mon, 24 Nov 2014 15:59:00 GMT",44.29,-119,"KO"
"Tue, 25 Nov 2014 09:40:00 GMT",189.06,-28,"GS"
"Tue, 25 Nov 2014 09:40:00 GMT",60.53,87,"JPM"
"Tue, 25 Nov 2014 09:59:00 GMT",98.93,-53,"PEP"
"Tue, 25 Nov 2014 09:59:00 GMT",44.32,119,"KO"
"Tue, 25 Nov 2014 10:45:00 GMT",98.93,53,"PEP"
"Tue, 25 Nov 2014 10:45:00 GMT",44.29,-119,"KO"
"Tue, 25 Nov 2014 12:04:00 GMT",189.67,28,"GS"
"Tue, 25 Nov 2014 12:04:00 GMT",60.2,-87,"JPM"
"Tue, 25 Nov 2014 13:51:00 GMT",98.99,53,"PEP"
"Tue, 25 Nov 2014 13:51:00 GMT",44.42,-118,"KO"
"Tue, 25 Nov 2014 14:33:00 GMT",189.14,27,"GS"
"Tue, 25 Nov 2014 14:33:00 GMT",60.29,-87,"JPM"
"Tue, 25 Nov 2014 14:40:00 GMT",99.05,-53,"PEP"
"Tue, 25 Nov 2014 14:40:00 GMT",44.45,118,"KO"
"Tue, 25 Nov 2014 15:50:00 GMT",189.22,-27,"GS"
"Tue, 25 Nov 2014 15:50:00 GMT",60.28,87,"JPM"
"Wed, 26 Nov 2014 09:32:00 GMT",99.33,-53,"PEP"
"Wed, 26 Nov 2014 09:32:00 GMT",44.25,119,"KO"
"Wed, 26 Nov 2014 09:37:00 GMT",188.45,28,"GS"
"Wed, 26 Nov 2014 09:37:00 GMT",60.45,-87,"JPM"
"Wed, 26 Nov 2014 10:36:00 GMT",188.18,-28,"GS"
"Wed, 26 Nov 2014 10:36:00 GMT",60.31,87,"JPM"
"Wed, 26 Nov 2014 10:38:00 GMT",99.34,53,"PEP"
"Wed, 26 Nov 2014 10:38:00 GMT",44.24,-119,"KO"
"Wed, 26 Nov 2014 14:05:00 GMT",99.32,53,"PEP"
"Wed, 26 Nov 2014 14:05:00 GMT",44.36,-119,"KO"
"Wed, 26 Nov 2014 14:33:00 GMT",99.21,-53,"PEP"
"Wed, 26 Nov 2014 14:33:00 GMT",44.28,119,"KO"
"Fri, 28 Nov 2014 09:42:00 GMT",189.14,-27,"GS"
"Fri, 28 Nov 2014 09:42:00 GMT",60.46,87,"JPM"
"Fri, 28 Nov 2014 09:57:00 GMT",100.25,52,"PEP"
"Fri, 28 Nov 2014 09:57:00 GMT",44.77,-117,"KO"
"Fri, 28 Nov 2014 10:19:00 GMT",188.9,27,"GS"
"Fri, 28 Nov 2014 10:19:00 GMT",60.37,-87,"JPM"
"Fri, 28 Nov 2014 10:54:00 GMT",100.42,-52,"PEP"
"Fri, 28 Nov 2014 10:54:00 GMT",44.85,117,"KO"
"Fri, 28 Nov 2014 12:11:00 GMT",188.62,-28,"GS"
"Fri, 28 Nov 2014 12:11:00 GMT",60.27,87,"JPM"
"Fri, 28 Nov 2014 13:08:00 GMT",188.12,28,"GS"
"Fri, 28 Nov 2014 13:08:00 GMT",60.16,-87,"JPM"
"Fri, 28 Nov 2014 13:14:00 GMT",100.1,-52,"PEP"
"Fri, 28 Nov 2014 13:14:00 GMT",44.29,119,"KO"
"Fri, 28 Nov 2014 13:23:00 GMT",100.52,52,"PEP"
"Fri, 28 Nov 2014 13:23:00 GMT",44.83,-119,"KO"
"Mon, 01 Dec 2014 09:32:00 GMT",187.3,-28,"GS"
"Mon, 01 Dec 2014 09:32:00 GMT",59.83,88,"JPM"
"Mon, 01 Dec 2014 09:38:00 GMT",187.34,28,"GS"
"Mon, 01 Dec 2014 09:38:00 GMT",60.01,-88,"JPM"
"Mon, 01 Dec 2014 09:42:00 GMT",187.22,28,"GS"
"Mon, 01 Dec 2014 09:42:00 GMT",60.05,-88,"JPM"
"Mon, 01 Dec 2014 09:54:00 GMT",186.24,-28,"GS"
"Mon, 01 Dec 2014 09:54:00 GMT",59.79,88,"JPM"
"Mon, 01 Dec 2014 10:02:00 GMT",186.16,28,"GS"
"Mon, 01 Dec 2014 10:02:00 GMT",59.92,-88,"JPM"
"Mon, 01 Dec 2014 10:26:00 GMT",186.68,-28,"GS"
"Mon, 01 Dec 2014 10:26:00 GMT",59.89,88,"JPM"
"Mon, 01 Dec 2014 13:34:00 GMT",99.95,53,"PEP"
"Mon, 01 Dec 2014 13:34:00 GMT",44.7,-119,"KO"
"Mon, 01 Dec 2014 13:52:00 GMT",99.96,-53,"PEP"
"Mon, 01 Dec 2014 13:52:00 GMT",44.66,119,"KO"
"Mon, 01 Dec 2014 15:53:00 GMT",188.42,-28,"GS"
"Mon, 01 Dec 2014 15:53:00 GMT",60.01,88,"JPM"
"Tue, 02 Dec 2014 09:32:00 GMT",99.86,-53,"PEP"
"Tue, 02 Dec 2014 09:32:00 GMT",44.47,119,"KO"
"Tue, 02 Dec 2014 09:39:00 GMT",99.81,53,"PEP"
"Tue, 02 Dec 2014 09:39:00 GMT",44.6,-119,"KO"
"Tue, 02 Dec 2014 09:51:00 GMT",189.08,28,"GS"
"Tue, 02 Dec 2014 09:51:00 GMT",60.26,-88,"JPM"
"Tue, 02 Dec 2014 11:06:00 GMT",190.06,28,"GS"
"Tue, 02 Dec 2014 11:06:00 GMT",60.76,-87,"JPM"
"Tue, 02 Dec 2014 12:14:00 GMT",190.5,-28,"GS"
"Tue, 02 Dec 2014 12:14:00 GMT",60.79,87,"JPM"
"Tue, 02 Dec 2014 13:35:00 GMT",100.34,-53,"PEP"
"Tue, 02 Dec 2014 13:35:00 GMT",44.48,120,"KO"
"Tue, 02 Dec 2014 14:12:00 GMT",100.3,53,"PEP"
"Tue, 02 Dec 2014 14:12:00 GMT",44.5,-120,"KO"
"Tue, 02 Dec 2014 14:52:00 GMT",190.23,28,"GS"
"Tue, 02 Dec 2014 14:52:00 GMT",61.13,-87,"JPM"
"Wed, 03 Dec 2014 09:32:00 GMT",99.64,53,"PEP"
"Wed, 03 Dec 2014 09:32:00 GMT",44.37,-120,"KO"
"Wed, 03 Dec 2014 09:34:00 GMT",189.54,-28,"GS"
"Wed, 03 Dec 2014 09:34:00 GMT",60.86,87,"JPM"
"Wed, 03 Dec 2014 09:55:00 GMT",99.29,-53,"PEP"
"Wed, 03 Dec 2014 09:55:00 GMT",44.12,120,"KO"
"Wed, 03 Dec 2014 12:44:00 GMT",98.49,54,"PEP"
"Wed, 03 Dec 2014 12:44:00 GMT",44.05,-121,"KO"
"Wed, 03 Dec 2014 12:48:00 GMT",191.24,-27,"GS"
"Wed, 03 Dec 2014 12:48:00 GMT",60.99,87,"JPM"
"Wed, 03 Dec 2014 12:57:00 GMT",191.41,27,"GS"
"Wed, 03 Dec 2014 12:57:00 GMT",61.13,-87,"JPM"
"Wed, 03 Dec 2014 12:59:00 GMT",98.55,-54,"PEP"
"Wed, 03 Dec 2014 12:59:00 GMT",43.98,121,"KO"
"Wed, 03 Dec 2014 14:15:00 GMT",191.41,28,"GS"
"Wed, 03 Dec 2014 14:15:00 GMT",61.35,-87,"JPM"
"Wed, 03 Dec 2014 15:41:00 GMT",98.47,-54,"PEP"
"Wed, 03 Dec 2014 15:41:00 GMT",43.85,121,"KO"
"Wed, 03 Dec 2014 15:44:00 GMT",43.84,1,"KO"
"Thu, 04 Dec 2014 09:39:00 GMT",98.16,54,"PEP"
"Thu, 04 Dec 2014 09:39:00 GMT",43.82,-122,"KO"
"Thu, 04 Dec 2014 10:00:00 GMT",190.41,-28,"GS"
"Thu, 04 Dec 2014 10:00:00 GMT",61.22,87,"JPM"
"Thu, 04 Dec 2014 12:01:00 GMT",97.56,54,"PEP"
"Thu, 04 Dec 2014 12:01:00 GMT",43.62,-122,"KO"
"Thu, 04 Dec 2014 12:46:00 GMT",97.86,-54,"PEP"
"Thu, 04 Dec 2014 12:46:00 GMT",43.69,122,"KO"
"Thu, 04 Dec 2014 14:40:00 GMT",97.69,-54,"PEP"
"Thu, 04 Dec 2014 14:40:00 GMT",43.49,123,"KO"
"Thu, 04 Dec 2014 15:13:00 GMT",97.7,54,"PEP"
"Thu, 04 Dec 2014 15:13:00 GMT",43.51,-123,"KO"
"Fri, 05 Dec 2014 09:32:00 GMT",97.53,-54,"PEP"
"Fri, 05 Dec 2014 09:32:00 GMT",43.25,123,"KO"
"Fri, 05 Dec 2014 09:35:00 GMT",194.6,27,"GS"
"Fri, 05 Dec 2014 09:35:00 GMT",62.45,-85,"JPM"
"Fri, 05 Dec 2014 09:37:00 GMT",97.39,54,"PEP"
"Fri, 05 Dec 2014 09:37:00 GMT",43.39,-123,"KO"
"Fri, 05 Dec 2014 10:01:00 GMT",195.58,-27,"GS"
"Fri, 05 Dec 2014 10:01:00 GMT",62.6,85,"JPM"
"Fri, 05 Dec 2014 10:21:00 GMT",97.38,55,"PEP"
"Fri, 05 Dec 2014 10:21:00 GMT",43.58,-123,"KO"
"Fri, 05 Dec 2014 10:42:00 GMT",97.39,-55,"PEP"
"Fri, 05 Dec 2014 10:42:00 GMT",43.44,123,"KO"
"Fri, 05 Dec 2014 15:25:00 GMT",195.74,27,"GS"
"Fri, 05 Dec 2014 15:25:00 GMT",62.78,-85,"JPM"
"Fri, 05 Dec 2014 15:39:00 GMT",195.3,-27,"GS"
"Fri, 05 Dec 2014 15:39:00 GMT",62.6,85,"JPM"
"Mon, 08 Dec 2014 09:51:00 GMT",195.62,-27,"GS"
"Mon, 08 Dec 2014 09:51:00 GMT",62.41,86,"JPM"
"Mon, 08 Dec 2014 10:03:00 GMT",97.83,-55,"PEP"
"Mon, 08 Dec 2014 10:03:00 GMT",43.38,124,"KO"
"Mon, 08 Dec 2014 10:31:00 GMT",197.66,27,"GS"
"Mon, 08 Dec 2014 10:31:00 GMT",62.91,-86,"JPM"
"Mon, 08 Dec 2014 10:45:00 GMT",97.81,55,"PEP"
"Mon, 08 Dec 2014 10:45:00 GMT",43.36,-124,"KO"
"Mon, 08 Dec 2014 11:30:00 GMT",197.57,27,"GS"
"Mon, 08 Dec 2014 11:30:00 GMT",63.01,-85,"JPM"
"Mon, 08 Dec 2014 12:31:00 GMT",196.35,-27,"GS"
"Mon, 08 Dec 2014 12:31:00 GMT",62.75,85,"JPM"
"Mon, 08 Dec 2014 14:04:00 GMT",97.53,-55,"PEP"
"Mon, 08 Dec 2014 14:04:00 GMT",43.11,124,"KO"
"Mon, 08 Dec 2014 14:55:00 GMT",97.85,55,"PEP"
"Mon, 08 Dec 2014 14:55:00 GMT",43.25,-124,"KO"
"Mon, 08 Dec 2014 15:29:00 GMT",196.83,-27,"GS"
"Mon, 08 Dec 2014 15:29:00 GMT",62.63,85,"JPM"
"Mon, 08 Dec 2014 15:51:00 GMT",196.67,27,"GS"
"Mon, 08 Dec 2014 15:51:00 GMT",62.69,-85,"JPM"
"Tue, 09 Dec 2014 09:32:00 GMT",97.61,-55,"PEP"
"Tue, 09 Dec 2014 09:32:00 GMT",42.34,127,"KO"
"Tue, 09 Dec 2014 10:00:00 GMT",194.63,27,"GS"
"Tue, 09 Dec 2014 10:00:00 GMT",62.35,-86,"JPM"
"Tue, 09 Dec 2014 10:10:00 GMT",194.22,-27,"GS"
"Tue, 09 Dec 2014 10:10:00 GMT",62.07,86,"JPM"
"Tue, 09 Dec 2014 10:45:00 GMT",96.44,55,"PEP"
"Tue, 09 Dec 2014 10:45:00 GMT",42,-127,"KO"
"Tue, 09 Dec 2014 13:34:00 GMT",195.41,27,"GS"
"Tue, 09 Dec 2014 13:34:00 GMT",62.49,-86,"JPM"
"Tue, 09 Dec 2014 13:47:00 GMT",195.57,-27,"GS"
"Tue, 09 Dec 2014 13:47:00 GMT",62.46,86,"JPM"
"Tue, 09 Dec 2014 14:24:00 GMT",97.01,55,"PEP"
"Tue, 09 Dec 2014 14:24:00 GMT",42.27,-127,"KO"
"Tue, 09 Dec 2014 14:34:00 GMT",96.93,-55,"PEP"
"Tue, 09 Dec 2014 14:34:00 GMT",42.13,127,"KO"
"Tue, 09 Dec 2014 14:47:00 GMT",195.91,27,"GS"
"Tue, 09 Dec 2014 14:47:00 GMT",62.65,-86,"JPM"
"Tue, 09 Dec 2014 14:52:00 GMT",196.17,-27,"GS"
"Tue, 09 Dec 2014 14:52:00 GMT",62.64,86,"JPM"
"Tue, 09 Dec 2014 15:39:00 GMT",196.27,-27,"GS"
"Tue, 09 Dec 2014 15:39:00 GMT",62.46,86,"JPM"
"Wed, 10 Dec 2014 11:03:00 GMT",194.34,27,"GS"
"Wed, 10 Dec 2014 11:03:00 GMT",61.4,-86,"JPM"
"Wed, 10 Dec 2014 13:52:00 GMT",193.24,-27,"GS"
"Wed, 10 Dec 2014 13:52:00 GMT",61.02,88,"JPM"
"Wed, 10 Dec 2014 14:40:00 GMT",96.2,-56,"PEP"
"Wed, 10 Dec 2014 14:40:00 GMT",41.63,129,"KO"
"Wed, 10 Dec 2014 14:55:00 GMT",96.37,56,"PEP"
"Wed, 10 Dec 2014 14:55:00 GMT",41.7,-129,"KO"
"Wed, 10 Dec 2014 15:10:00 GMT",192.63,27,"GS"
"Wed, 10 Dec 2014 15:10:00 GMT",60.73,-88,"JPM"
"Wed, 10 Dec 2014 15:36:00 GMT",192.72,27,"GS"
"Wed, 10 Dec 2014 15:36:00 GMT",60.82,-88,"JPM"
"Thu, 11 Dec 2014 09:45:00 GMT",96.28,55,"PEP"
"Thu, 11 Dec 2014 09:45:00 GMT",41.93,-128,"KO"
"Thu, 11 Dec 2014 10:02:00 GMT",96.43,-55,"PEP"
"Thu, 11 Dec 2014 10:02:00 GMT",41.88,128,"KO"
"Thu, 11 Dec 2014 10:18:00 GMT",194.39,-27,"GS"
"Thu, 11 Dec 2014 10:18:00 GMT",61.56,88,"JPM"
"Thu, 11 Dec 2014 12:26:00 GMT",96.73,-55,"PEP"
"Thu, 11 Dec 2014 12:26:00 GMT",41.8,128,"KO"
"Thu, 11 Dec 2014 12:50:00 GMT",96.82,55,"PEP"
"Thu, 11 Dec 2014 12:50:00 GMT",41.88,-128,"KO"
"Thu, 11 Dec 2014 15:57:00 GMT",96.16,-56,"PEP"
"Thu, 11 Dec 2014 15:57:00 GMT",41.52,129,"KO"
"Fri, 12 Dec 2014 09:31:00 GMT",41.26,1,"KO"
"Fri, 12 Dec 2014 10:10:00 GMT",96.17,56,"PEP"
"Fri, 12 Dec 2014 10:10:00 GMT",41.51,-130,"KO"
"Fri, 12 Dec 2014 13:52:00 GMT",188.77,28,"GS"
"Fri, 12 Dec 2014 13:52:00 GMT",60.51,-89,"JPM"
"Fri, 12 Dec 2014 14:29:00 GMT",188.68,-28,"GS"
"Fri, 12 Dec 2014 14:29:00 GMT",60.43,89,"JPM"
"Fri, 12 Dec 2014 15:51:00 GMT",188.39,-28,"GS"
"Fri, 12 Dec 2014 15:51:00 GMT",60.1,89,"JPM"
"Mon, 15 Dec 2014 09:34:00 GMT",95.25,-56,"PEP"
"Mon, 15 Dec 2014 09:34:00 GMT",40.99,131,"KO"
"Mon, 15 Dec 2014 10:10:00 GMT",95.4,56,"PEP"
"Mon, 15 Dec 2014 10:10:00 GMT",41.06,-131,"KO"
"Mon, 15 Dec 2014 12:00:00 GMT",186.16,28,"GS"
"Mon, 15 Dec 2014 12:00:00 GMT",59,-89,"JPM"
"Mon, 15 Dec 2014 12:27:00 GMT",94.45,-56,"PEP"
"Mon, 15 Dec 2014 12:27:00 GMT",40.67,132,"KO"
"Mon, 15 Dec 2014 12:52:00 GMT",94.79,56,"PEP"
"Mon, 15 Dec 2014 12:52:00 GMT",40.82,-132,"KO"
"Tue, 16 Dec 2014 09:32:00 GMT",183.53,-29,"GS"
"Tue, 16 Dec 2014 09:32:00 GMT",58.25,92,"JPM"
"Tue, 16 Dec 2014 09:38:00 GMT",93.58,-57,"PEP"
"Tue, 16 Dec 2014 09:38:00 GMT",40.15,134,"KO"
"Tue, 16 Dec 2014 09:42:00 GMT",93.68,57,"PEP"
"Tue, 16 Dec 2014 09:42:00 GMT",40.27,-134,"KO"
"Tue, 16 Dec 2014 09:47:00 GMT",182.61,29,"GS"
"Tue, 16 Dec 2014 09:47:00 GMT",58.42,-92,"JPM"
"Tue, 16 Dec 2014 11:34:00 GMT",94.75,56,"PEP"
"Tue, 16 Dec 2014 11:34:00 GMT",41.22,-130,"KO"
"Tue, 16 Dec 2014 11:55:00 GMT",94.44,-56,"PEP"
"Tue, 16 Dec 2014 11:55:00 GMT",40.97,130,"KO"
"Tue, 16 Dec 2014 13:17:00 GMT",93.63,-57,"PEP"
"Tue, 16 Dec 2014 13:17:00 GMT",40.62,133,"KO"
"Tue, 16 Dec 2014 13:52:00 GMT",93.75,57,"PEP"
"Tue, 16 Dec 2014 13:52:00 GMT",40.75,-133,"KO"
"Wed, 17 Dec 2014 09:34:00 GMT",92.67,58,"PEP"
"Wed, 17 Dec 2014 09:34:00 GMT",40.63,-133,"KO"
"Wed, 17 Dec 2014 09:43:00 GMT",40.98,1,"KO"
"Wed, 17 Dec 2014 11:05:00 GMT",185.13,29,"GS"
"Wed, 17 Dec 2014 11:05:00 GMT",59.18,-91,"JPM"
"Wed, 17 Dec 2014 11:25:00 GMT",41.12,1,"KO"
"Wed, 17 Dec 2014 12:06:00 GMT",185.79,-29,"GS"
"Wed, 17 Dec 2014 12:06:00 GMT",59.39,91,"JPM"
"Wed, 17 Dec 2014 12:26:00 GMT",92.65,-58,"PEP"
"Wed, 17 Dec 2014 12:26:00 GMT",41.02,131,"KO"
"Wed, 17 Dec 2014 14:05:00 GMT",93.67,57,"PEP"
"Wed, 17 Dec 2014 14:05:00 GMT",41.57,-129,"KO"
"Wed, 17 Dec 2014 14:34:00 GMT",93.45,-57,"PEP"
"Wed, 17 Dec 2014 14:34:00 GMT",41.4,129,"KO"
"Thu, 18 Dec 2014 09:36:00 GMT",94.14,57,"PEP"
"Thu, 18 Dec 2014 09:36:00 GMT",41.86,-128,"KO"
"Thu, 18 Dec 2014 10:38:00 GMT",94.55,-57,"PEP"
"Thu, 18 Dec 2014 10:38:00 GMT",42.11,128,"KO"
"Thu, 18 Dec 2014 14:37:00 GMT",189.71,-28,"GS"
"Thu, 18 Dec 2014 14:37:00 GMT",60.93,88,"JPM"
"Thu, 18 Dec 2014 15:19:00 GMT",190.79,28,"GS"
"Thu, 18 Dec 2014 15:19:00 GMT",61.31,-88,"JPM"
"Fri, 19 Dec 2014 09:44:00 GMT",95.85,-56,"PEP"
"Fri, 19 Dec 2014 09:44:00 GMT",42.29,127,"KO"
"Fri, 19 Dec 2014 11:13:00 GMT",95.53,56,"PEP"
"Fri, 19 Dec 2014 11:13:00 GMT",41.99,-127,"KO"
"Fri, 19 Dec 2014 15:48:00 GMT",95.65,-56,"PEP"
"Fri, 19 Dec 2014 15:48:00 GMT",41.98,128,"KO"
"Mon, 22 Dec 2014 09:34:00 GMT",96.15,56,"PEP"
"Mon, 22 Dec 2014 09:34:00 GMT",42.29,-128,"KO"
"Mon, 22 Dec 2014 09:46:00 GMT",193.83,27,"GS"
"Mon, 22 Dec 2014 09:46:00 GMT",62.25,-86,"JPM"
"Mon, 22 Dec 2014 10:09:00 GMT",193.01,-27,"GS"
"Mon, 22 Dec 2014 10:09:00 GMT",61.94,86,"JPM"
"Mon, 22 Dec 2014 12:53:00 GMT",193.64,-27,"GS"
"Mon, 22 Dec 2014 12:53:00 GMT",61.68,87,"JPM"
"Mon, 22 Dec 2014 12:59:00 GMT",96.44,-55,"PEP"
"Mon, 22 Dec 2014 12:59:00 GMT",42.3,127,"KO"
"Mon, 22 Dec 2014 13:14:00 GMT",96.52,55,"PEP"
"Mon, 22 Dec 2014 13:14:00 GMT",42.4,-127,"KO"
"Mon, 22 Dec 2014 13:59:00 GMT",193.67,27,"GS"
"Mon, 22 Dec 2014 13:59:00 GMT",61.7,-87,"JPM"
"Mon, 22 Dec 2014 15:35:00 GMT",193.92,27,"GS"
"Mon, 22 Dec 2014 15:35:00 GMT",61.89,-87,"JPM"
"Mon, 22 Dec 2014 15:44:00 GMT",194.19,-27,"GS"
"Mon, 22 Dec 2014 15:44:00 GMT",61.92,87,"JPM"
"Tue, 23 Dec 2014 09:45:00 GMT",195.22,27,"GS"
"Tue, 23 Dec 2014 09:45:00 GMT",62.25,-86,"JPM"
"Tue, 23 Dec 2014 09:58:00 GMT",195.34,-27,"GS"
"Tue, 23 Dec 2014 09:58:00 GMT",62.23,86,"JPM"
"Tue, 23 Dec 2014 10:57:00 GMT",195.32,27,"GS"
"Tue, 23 Dec 2014 10:57:00 GMT",62.38,-86,"JPM"
"Tue, 23 Dec 2014 13:27:00 GMT",195.96,-27,"GS"
"Tue, 23 Dec 2014 13:27:00 GMT",62.88,86,"JPM"
"Wed, 24 Dec 2014 09:50:00 GMT",97.41,55,"PEP"
"Wed, 24 Dec 2014 09:50:00 GMT",43.16,-124,"KO"
"Wed, 24 Dec 2014 10:53:00 GMT",97.5,-55,"PEP"
"Wed, 24 Dec 2014 10:53:00 GMT",43.19,124,"KO"
"Wed, 24 Dec 2014 13:23:00 GMT",97.09,55,"PEP"
"Wed, 24 Dec 2014 13:23:00 GMT",43.2,-124,"KO"
"Wed, 24 Dec 2014 15:22:00 GMT",97.09,-55,"PEP"
"Wed, 24 Dec 2014 15:22:00 GMT",42.94,124,"KO"
"Fri, 26 Dec 2014 09:32:00 GMT",97.11,55,"PEP"
"Fri, 26 Dec 2014 09:32:00 GMT",43.03,-125,"KO"
"Fri, 26 Dec 2014 09:36:00 GMT",97.18,-55,"PEP"
"Fri, 26 Dec 2014 09:36:00 GMT",42.99,125,"KO"
"Fri, 26 Dec 2014 09:43:00 GMT",97.26,55,"PEP"
"Fri, 26 Dec 2014 09:43:00 GMT",43.08,-125,"KO"
"Fri, 26 Dec 2014 09:50:00 GMT",196,27,"GS"
"Fri, 26 Dec 2014 09:50:00 GMT",62.66,-86,"JPM"
"Fri, 26 Dec 2014 10:18:00 GMT",196.08,-27,"GS"
"Fri, 26 Dec 2014 10:18:00 GMT",62.68,86,"JPM"
"Fri, 26 Dec 2014 10:39:00 GMT",97.17,-55,"PEP"
"Fri, 26 Dec 2014 10:39:00 GMT",43.13,125,"KO"
"Fri, 26 Dec 2014 12:45:00 GMT",195.71,-27,"GS"
"Fri, 26 Dec 2014 12:45:00 GMT",62.64,86,"JPM"
"Fri, 26 Dec 2014 12:59:00 GMT",195.74,27,"GS"
"Fri, 26 Dec 2014 12:59:00 GMT",62.64,-86,"JPM"
"Fri, 26 Dec 2014 13:11:00 GMT",195.71,27,"GS"
"Fri, 26 Dec 2014 13:11:00 GMT",62.7,-86,"JPM"
"Fri, 26 Dec 2014 13:15:00 GMT",195.67,-27,"GS"
"Fri, 26 Dec 2014 13:15:00 GMT",62.67,86,"JPM"
"Mon, 29 Dec 2014 09:34:00 GMT",195.03,-27,"GS"
"Mon, 29 Dec 2014 09:34:00 GMT",62.36,86,"JPM"
"Mon, 29 Dec 2014 09:37:00 GMT",96.28,-56,"PEP"
"Mon, 29 Dec 2014 09:37:00 GMT",42.63,126,"KO"
"Mon, 29 Dec 2014 09:49:00 GMT",196.49,27,"GS"
"Mon, 29 Dec 2014 09:49:00 GMT",62.76,-86,"JPM"
"Mon, 29 Dec 2014 09:52:00 GMT",96.35,56,"PEP"
"Mon, 29 Dec 2014 09:52:00 GMT",42.73,-126,"KO"
"Mon, 29 Dec 2014 10:11:00 GMT",196.56,27,"GS"
"Mon, 29 Dec 2014 10:11:00 GMT",63.16,-85,"JPM"
"Mon, 29 Dec 2014 10:47:00 GMT",96.32,56,"PEP"
"Mon, 29 Dec 2014 10:47:00 GMT",42.86,-126,"KO"
"Mon, 29 Dec 2014 11:22:00 GMT",196.2,-27,"GS"
"Mon, 29 Dec 2014 11:22:00 GMT",63.11,85,"JPM"
"Mon, 29 Dec 2014 11:33:00 GMT",96.71,-56,"PEP"
"Mon, 29 Dec 2014 11:33:00 GMT",43,126,"KO"
"Mon, 29 Dec 2014 14:11:00 GMT",96.98,-55,"PEP"
"Mon, 29 Dec 2014 14:11:00 GMT",42.89,125,"KO"
"Mon, 29 Dec 2014 14:22:00 GMT",96.82,55,"PEP"
"Mon, 29 Dec 2014 14:22:00 GMT",42.93,-125,"KO"
"Mon, 29 Dec 2014 15:50:00 GMT",196.23,27,"GS"
"Mon, 29 Dec 2014 15:50:00 GMT",63.1,-85,"JPM"
"Mon, 29 Dec 2014 15:56:00 GMT",196.17,-27,"GS"
"Mon, 29 Dec 2014 15:56:00 GMT",63.06,85,"JPM"
"Tue, 30 Dec 2014 09:48:00 GMT",96.62,56,"PEP"
"Tue, 30 Dec 2014 09:48:00 GMT",42.98,-125,"KO"
"Tue, 30 Dec 2014 09:55:00 GMT",96.6,-56,"PEP"
"Tue, 30 Dec 2014 09:55:00 GMT",42.9,125,"KO"
"Tue, 30 Dec 2014 12:44:00 GMT",196.25,27,"GS"
"Tue, 30 Dec 2014 12:44:00 GMT",63.08,-85,"JPM"
"Tue, 30 Dec 2014 14:25:00 GMT",195.84,-27,"GS"
"Tue, 30 Dec 2014 14:25:00 GMT",63.08,85,"JPM"
"Tue, 30 Dec 2014 14:27:00 GMT",95.99,56,"PEP"
"Tue, 30 Dec 2014 14:27:00 GMT",42.74,-126,"KO"
"Tue, 30 Dec 2014 14:43:00 GMT",96.07,-56,"PEP"
"Tue, 30 Dec 2014 14:43:00 GMT",42.73,126,"KO"
"Tue, 30 Dec 2014 15:21:00 GMT",195.78,27,"GS"
"Tue, 30 Dec 2014 15:21:00 GMT",63.22,-85,"JPM"
"Tue, 30 Dec 2014 15:46:00 GMT",195.9,-27,"GS"
"Tue, 30 Dec 2014 15:46:00 GMT",63.18,85,"JPM"
"Tue, 30 Dec 2014 15:58:00 GMT",95.98,56,"PEP"
"Tue, 30 Dec 2014 15:58:00 GMT",42.77,-126,"KO"
"Wed, 31 Dec 2014 09:37:00 GMT",195.7,27,"GS"
"Wed, 31 Dec 2014 09:37:00 GMT",63.38,-85,"JPM"
"Wed, 31 Dec 2014 09:50:00 GMT",195.83,-27,"GS"
"Wed, 31 Dec 2014 09:50:00 GMT",63.26,85,"JPM"
"Wed, 31 Dec 2014 09:54:00 GMT",95.55,-56,"PEP"
"Wed, 31 Dec 2014 09:54:00 GMT",42.63,126,"KO"
"Wed, 31 Dec 2014 12:10:00 GMT",195.33,27,"GS"
"Wed, 31 Dec 2014 12:10:00 GMT",63.18,-85,"JPM"
"Wed, 31 Dec 2014 12:27:00 GMT",194.76,-27,"GS"
"Wed, 31 Dec 2014 12:27:00 GMT",62.98,85,"JPM"
"Wed, 31 Dec 2014 13:43:00 GMT",95.18,56,"PEP"
"Wed, 31 Dec 2014 13:43:00 GMT",42.55,-127,"KO"
"Wed, 31 Dec 2014 13:51:00 GMT",196.16,-27,"GS"
"Wed, 31 Dec 2014 13:51:00 GMT",63.12,85,"JPM"
"Wed, 31 Dec 2014 13:53:00 GMT",94.98,1,"PEP"
"Wed, 31 Dec 2014 14:08:00 GMT",95.01,-57,"PEP"
"Wed, 31 Dec 2014 14:08:00 GMT",42.47,127,"KO"
"Wed, 31 Dec 2014 14:53:00 GMT",195.14,27,"GS"
"Wed, 31 Dec 2014 14:53:00 GMT",62.86,-85,"JPM"
"Fri, 02 Jan 2015 09:32:00 GMT",195.53,-27,"GS"
"Fri, 02 Jan 2015 09:32:00 GMT",62.82,86,"JPM"
"Fri, 02 Jan 2015 09:36:00 GMT",94.95,-57,"PEP"
"Fri, 02 Jan 2015 09:36:00 GMT",42.29,128,"KO"
"Fri, 02 Jan 2015 09:39:00 GMT",195.14,27,"GS"
"Fri, 02 Jan 2015 09:39:00 GMT",62.86,-86,"JPM"
"Fri, 02 Jan 2015 09:49:00 GMT",95.01,57,"PEP"
"Fri, 02 Jan 2015 09:49:00 GMT",42.32,-128,"KO"
"Fri, 02 Jan 2015 10:00:00 GMT",95.21,-57,"PEP"
"Fri, 02 Jan 2015 10:00:00 GMT",42.25,128,"KO"
"Fri, 02 Jan 2015 10:29:00 GMT",95.1,57,"PEP"
"Fri, 02 Jan 2015 10:29:00 GMT",42.31,-128,"KO"
"Fri, 02 Jan 2015 11:43:00 GMT",94.68,-57,"PEP"
"Fri, 02 Jan 2015 11:43:00 GMT",42.07,129,"KO"
"Fri, 02 Jan 2015 12:45:00 GMT",94.72,57,"PEP"
"Fri, 02 Jan 2015 12:45:00 GMT",42.01,-129,"KO"
"Fri, 02 Jan 2015 14:48:00 GMT",193.72,28,"GS"
"Fri, 02 Jan 2015 14:48:00 GMT",62.48,-86,"JPM"
"Fri, 02 Jan 2015 15:12:00 GMT",193.36,-28,"GS"
"Fri, 02 Jan 2015 15:12:00 GMT",62.23,86,"JPM"
"Mon, 05 Jan 2015 09:32:00 GMT",94.79,57,"PEP"
"Mon, 05 Jan 2015 09:32:00 GMT",42.85,-127,"KO"
"Mon, 05 Jan 2015 09:40:00 GMT",193.53,-28,"GS"
"Mon, 05 Jan 2015 09:40:00 GMT",61.9,88,"JPM"
"Mon, 05 Jan 2015 09:50:00 GMT",94.62,-57,"PEP"
"Mon, 05 Jan 2015 09:50:00 GMT",42.23,127,"KO"
"Mon, 05 Jan 2015 10:25:00 GMT",191.84,28,"GS"
"Mon, 05 Jan 2015 10:25:00 GMT",61.54,-88,"JPM"
"Mon, 05 Jan 2015 13:39:00 GMT",188.96,-28,"GS"
"Mon, 05 Jan 2015 13:39:00 GMT",60.73,90,"JPM"
"Mon, 05 Jan 2015 13:45:00 GMT",188.8,-1,"GS"
"Mon, 05 Jan 2015 13:53:00 GMT",94.07,58,"PEP"
"Mon, 05 Jan 2015 13:53:00 GMT",42.4,-129,"KO"
"Mon, 05 Jan 2015 14:23:00 GMT",188.45,29,"GS"
"Mon, 05 Jan 2015 14:23:00 GMT",60.59,-90,"JPM"
"Mon, 05 Jan 2015 14:28:00 GMT",94.09,-58,"PEP"
"Mon, 05 Jan 2015 14:28:00 GMT",42.35,129,"KO"
"Mon, 05 Jan 2015 15:02:00 GMT",93.91,-58,"PEP"
"Mon, 05 Jan 2015 15:02:00 GMT",42.16,130,"KO"
"Mon, 05 Jan 2015 15:50:00 GMT",93.95,58,"PEP"
"Mon, 05 Jan 2015 15:50:00 GMT",42.17,-130,"KO"
"Tue, 06 Jan 2015 09:33:00 GMT",93.92,58,"PEP"
"Tue, 06 Jan 2015 09:33:00 GMT",42.38,-129,"KO"
"Tue, 06 Jan 2015 10:14:00 GMT",187.11,-29,"GS"
"Tue, 06 Jan 2015 10:14:00 GMT",60.04,91,"JPM"
"Tue, 06 Jan 2015 10:46:00 GMT",94.26,-58,"PEP"
"Tue, 06 Jan 2015 10:46:00 GMT",42.68,129,"KO"
"Tue, 06 Jan 2015 10:53:00 GMT",186.19,29,"GS"
"Tue, 06 Jan 2015 10:53:00 GMT",59.88,-91,"JPM"
"Tue, 06 Jan 2015 11:36:00 GMT",185.09,-29,"GS"
"Tue, 06 Jan 2015 11:36:00 GMT",59.21,92,"JPM"
"Tue, 06 Jan 2015 12:36:00 GMT",185.08,29,"GS"
"Tue, 06 Jan 2015 12:36:00 GMT",59.16,-92,"JPM"
"Tue, 06 Jan 2015 13:13:00 GMT",184.36,-29,"GS"
"Tue, 06 Jan 2015 13:13:00 GMT",58.67,93,"JPM"
"Tue, 06 Jan 2015 14:12:00 GMT",93.34,58,"PEP"
"Tue, 06 Jan 2015 14:12:00 GMT",42.48,-128,"KO"
"Tue, 06 Jan 2015 14:30:00 GMT",185.04,29,"GS"
"Tue, 06 Jan 2015 14:30:00 GMT",58.79,-93,"JPM"
"Tue, 06 Jan 2015 15:26:00 GMT",185.76,29,"GS"
"Tue, 06 Jan 2015 15:26:00 GMT",59.33,-92,"JPM"
"Tue, 06 Jan 2015 15:55:00 GMT",93.09,-58,"PEP"
"Tue, 06 Jan 2015 15:55:00 GMT",42.5,128,"KO"
"Wed, 07 Jan 2015 09:32:00 GMT",94.67,-57,"PEP"
"Wed, 07 Jan 2015 09:32:00 GMT",42.71,127,"KO"
"Wed, 07 Jan 2015 09:34:00 GMT",42.67,1,"KO"
"Wed, 07 Jan 2015 09:50:00 GMT",186.91,-29,"GS"
"Wed, 07 Jan 2015 09:50:00 GMT",59.59,92,"JPM"
"Wed, 07 Jan 2015 10:39:00 GMT",95.02,57,"PEP"
"Wed, 07 Jan 2015 10:39:00 GMT",42.8,-128,"KO"
"Wed, 07 Jan 2015 14:17:00 GMT",95.94,56,"PEP"
"Wed, 07 Jan 2015 14:17:00 GMT",43.05,-126,"KO"
"Wed, 07 Jan 2015 14:51:00 GMT",95.72,-56,"PEP"
"Wed, 07 Jan 2015 14:51:00 GMT",42.9,126,"KO"
"Thu, 08 Jan 2015 09:32:00 GMT",96.94,-56,"PEP"
"Thu, 08 Jan 2015 09:32:00 GMT",43.13,126,"KO"
"Thu, 08 Jan 2015 09:42:00 GMT",189.87,28,"GS"
"Thu, 08 Jan 2015 09:42:00 GMT",60.42,-90,"JPM"
"Thu, 08 Jan 2015 09:57:00 GMT",190.01,-28,"GS"
"Thu, 08 Jan 2015 09:57:00 GMT",60.05,90,"JPM"
"Thu, 08 Jan 2015 10:55:00 GMT",97.37,56,"PEP"
"Thu, 08 Jan 2015 10:55:00 GMT",43.19,-126,"KO"
"Thu, 08 Jan 2015 12:04:00 GMT",97.42,56,"PEP"
"Thu, 08 Jan 2015 12:04:00 GMT",43.25,-126,"KO"
"Thu, 08 Jan 2015 12:16:00 GMT",97.42,-56,"PEP"
"Thu, 08 Jan 2015 12:16:00 GMT",43.19,126,"KO"
"Thu, 08 Jan 2015 13:37:00 GMT",189.77,28,"GS"
"Thu, 08 Jan 2015 13:37:00 GMT",60.51,-90,"JPM"
"Thu, 08 Jan 2015 14:10:00 GMT",189.68,-28,"GS"
"Thu, 08 Jan 2015 14:10:00 GMT",60.43,90,"JPM"
"Thu, 08 Jan 2015 15:17:00 GMT",97.52,56,"PEP"
"Thu, 08 Jan 2015 15:17:00 GMT",43.44,-126,"KO"
"Thu, 08 Jan 2015 15:45:00 GMT",189.94,-28,"GS"
"Thu, 08 Jan 2015 15:45:00 GMT",60.3,90,"JPM"
"Thu, 08 Jan 2015 15:48:00 GMT",60.28,1,"JPM"
"Fri, 09 Jan 2015 09:31:00 GMT",190.04,28,"GS"
"Fri, 09 Jan 2015 09:31:00 GMT",60.54,-91,"JPM"
"Fri, 09 Jan 2015 09:48:00 GMT",97.11,-56,"PEP"
"Fri, 09 Jan 2015 09:48:00 GMT",43.23,126,"KO"
"Fri, 09 Jan 2015 12:29:00 GMT",187.96,-29,"GS"
"Fri, 09 Jan 2015 12:29:00 GMT",59.56,92,"JPM"
"Fri, 09 Jan 2015 13:24:00 GMT",97.05,-56,"PEP"
"Fri, 09 Jan 2015 13:24:00 GMT",43.16,127,"KO"
"Fri, 09 Jan 2015 14:06:00 GMT",96.66,56,"PEP"
"Fri, 09 Jan 2015 14:06:00 GMT",43.03,-127,"KO"
"Fri, 09 Jan 2015 14:29:00 GMT",187.77,29,"GS"
"Fri, 09 Jan 2015 14:29:00 GMT",59.36,-92,"JPM"
"Fri, 09 Jan 2015 15:55:00 GMT",96.94,-56,"PEP"
"Fri, 09 Jan 2015 15:55:00 GMT",43,127,"KO"
"Mon, 12 Jan 2015 09:36:00 GMT",96.96,56,"PEP"
"Mon, 12 Jan 2015 09:36:00 GMT",43.07,-127,"KO"
"Mon, 12 Jan 2015 09:38:00 GMT",185.56,-29,"GS"
"Mon, 12 Jan 2015 09:38:00 GMT",58.53,93,"JPM"
"Mon, 12 Jan 2015 09:51:00 GMT",58.46,1,"JPM"
"Mon, 12 Jan 2015 10:01:00 GMT",184.43,29,"GS"
"Mon, 12 Jan 2015 10:01:00 GMT",58.45,-94,"JPM"
"Mon, 12 Jan 2015 15:39:00 GMT",184.81,-29,"GS"
"Mon, 12 Jan 2015 15:39:00 GMT",58.66,93,"JPM"
"Mon, 12 Jan 2015 15:49:00 GMT",96.7,56,"PEP"
"Mon, 12 Jan 2015 15:49:00 GMT",42.73,-128,"KO"
"Mon, 12 Jan 2015 15:50:00 GMT",96.65,1,"PEP"
"Mon, 12 Jan 2015 15:50:00 GMT",42.71,-1,"KO"
"Mon, 12 Jan 2015 15:52:00 GMT",185.38,29,"GS"
"Mon, 12 Jan 2015 15:52:00 GMT",58.84,-93,"JPM"
"Tue, 13 Jan 2015 09:33:00 GMT",42.98,1,"KO"
"Tue, 13 Jan 2015 09:58:00 GMT",189.24,-29,"GS"
"Tue, 13 Jan 2015 09:58:00 GMT",59.53,92,"JPM"
"Tue, 13 Jan 2015 10:16:00 GMT",97.23,-57,"PEP"
"Tue, 13 Jan 2015 10:16:00 GMT",43.08,128,"KO"
"Tue, 13 Jan 2015 12:25:00 GMT",186.62,29,"GS"
"Tue, 13 Jan 2015 12:25:00 GMT",59.28,-92,"JPM"
"Tue, 13 Jan 2015 13:41:00 GMT",185.25,-29,"GS"
"Tue, 13 Jan 2015 13:41:00 GMT",58.81,94,"JPM"
"Tue, 13 Jan 2015 13:42:00 GMT",96.3,-57,"PEP"
"Tue, 13 Jan 2015 13:42:00 GMT",42.73,129,"KO"
"Tue, 13 Jan 2015 13:49:00 GMT",185.29,29,"GS"
"Tue, 13 Jan 2015 13:49:00 GMT",58.99,-94,"JPM"
"Tue, 13 Jan 2015 15:16:00 GMT",96.14,57,"PEP"
"Tue, 13 Jan 2015 15:16:00 GMT",42.6,-129,"KO"
"Thu, 15 Jan 2015 09:32:00 GMT",180.24,-30,"GS"
"Thu, 15 Jan 2015 09:32:00 GMT",56.55,98,"JPM"
"Thu, 15 Jan 2015 09:33:00 GMT",97.21,-56,"PEP"
"Thu, 15 Jan 2015 09:33:00 GMT",42.72,129,"KO"
"Thu, 15 Jan 2015 09:35:00 GMT",97.08,-1,"PEP"
"Thu, 15 Jan 2015 09:38:00 GMT",177.79,-1,"GS"
"Thu, 15 Jan 2015 09:40:00 GMT",42.49,1,"KO"
"Thu, 15 Jan 2015 10:33:00 GMT",97.08,57,"PEP"
"Thu, 15 Jan 2015 10:33:00 GMT",42.56,-130,"KO"
"Thu, 15 Jan 2015 11:59:00 GMT",55.07,1,"JPM"
"Thu, 15 Jan 2015 12:03:00 GMT",96.83,-56,"PEP"
"Thu, 15 Jan 2015 12:03:00 GMT",42.32,128,"KO"
"Thu, 15 Jan 2015 12:55:00 GMT",178.2,31,"GS"
"Thu, 15 Jan 2015 12:55:00 GMT",54.8,-99,"JPM"
"Thu, 15 Jan 2015 13:03:00 GMT",96.78,56,"PEP"
"Thu, 15 Jan 2015 13:03:00 GMT",42.32,-128,"KO"
"Thu, 15 Jan 2015 13:53:00 GMT",96.98,56,"PEP"
"Thu, 15 Jan 2015 13:53:00 GMT",42.47,-128,"KO"
"Thu, 15 Jan 2015 14:09:00 GMT",178.86,30,"GS"
"Thu, 15 Jan 2015 14:09:00 GMT",55.11,-99,"JPM"
"Thu, 15 Jan 2015 14:54:00 GMT",97.24,-56,"PEP"
"Thu, 15 Jan 2015 14:54:00 GMT",42.57,128,"KO"
"Fri, 16 Jan 2015 09:31:00 GMT",176.54,-30,"GS"
"Fri, 16 Jan 2015 09:31:00 GMT",54.75,99,"JPM"
"Fri, 16 Jan 2015 09:42:00 GMT",177.6,30,"GS"
"Fri, 16 Jan 2015 09:42:00 GMT",55.54,-98,"JPM"
"Fri, 16 Jan 2015 09:48:00 GMT",96.56,56,"PEP"
"Fri, 16 Jan 2015 09:48:00 GMT",42.39,-128,"KO"
"Fri, 16 Jan 2015 09:51:00 GMT",96.62,-56,"PEP"
"Fri, 16 Jan 2015 09:51:00 GMT",42.38,128,"KO"
"Fri, 16 Jan 2015 10:47:00 GMT",176.32,-30,"GS"
"Fri, 16 Jan 2015 10:47:00 GMT",55.22,98,"JPM"
"Fri, 16 Jan 2015 13:02:00 GMT",97.1,-56,"PEP"
"Fri, 16 Jan 2015 13:02:00 GMT",42.44,128,"KO"
"Fri, 16 Jan 2015 13:28:00 GMT",96.85,56,"PEP"
"Fri, 16 Jan 2015 13:28:00 GMT",42.38,-128,"KO"
"Fri, 16 Jan 2015 15:20:00 GMT",96.81,56,"PEP"
"Fri, 16 Jan 2015 15:20:00 GMT",42.4,-128,"KO"
"Fri, 16 Jan 2015 15:48:00 GMT",97.29,-56,"PEP"
"Fri, 16 Jan 2015 15:48:00 GMT",42.52,128,"KO"
"Tue, 20 Jan 2015 09:34:00 GMT",98.08,55,"PEP"
"Tue, 20 Jan 2015 09:34:00 GMT",43.08,-127,"KO"
"Tue, 20 Jan 2015 09:37:00 GMT",176.5,30,"GS"
"Tue, 20 Jan 2015 09:37:00 GMT",56.11,-97,"JPM"
"Tue, 20 Jan 2015 09:49:00 GMT",175.46,-30,"GS"
"Tue, 20 Jan 2015 09:49:00 GMT",55.68,97,"JPM"
"Tue, 20 Jan 2015 09:59:00 GMT",97.28,-55,"PEP"
"Tue, 20 Jan 2015 09:59:00 GMT",42.7,127,"KO"
"Tue, 20 Jan 2015 12:35:00 GMT",174.93,-31,"GS"
"Tue, 20 Jan 2015 12:35:00 GMT",55.49,98,"JPM"
"Tue, 20 Jan 2015 12:52:00 GMT",175.01,31,"GS"
"Tue, 20 Jan 2015 12:52:00 GMT",55.67,-98,"JPM"
"Tue, 20 Jan 2015 14:56:00 GMT",97.61,56,"PEP"
"Tue, 20 Jan 2015 14:56:00 GMT",43.14,-126,"KO"
"Tue, 20 Jan 2015 14:57:00 GMT",43.16,-1,"KO"
"Wed, 21 Jan 2015 09:32:00 GMT",96.79,-56,"PEP"
"Wed, 21 Jan 2015 09:32:00 GMT",42.89,127,"KO"
"Wed, 21 Jan 2015 09:39:00 GMT",175.9,31,"GS"
"Wed, 21 Jan 2015 09:39:00 GMT",55.93,-97,"JPM"
"Wed, 21 Jan 2015 09:48:00 GMT",175.4,-31,"GS"
"Wed, 21 Jan 2015 09:48:00 GMT",55.7,97,"JPM"
"Wed, 21 Jan 2015 11:50:00 GMT",177.07,30,"GS"
"Wed, 21 Jan 2015 11:50:00 GMT",56.29,-97,"JPM"
"Wed, 21 Jan 2015 12:30:00 GMT",177.36,-30,"GS"
"Wed, 21 Jan 2015 12:30:00 GMT",56.31,97,"JPM"
"Thu, 22 Jan 2015 09:34:00 GMT",179.11,-30,"GS"
"Thu, 22 Jan 2015 09:34:00 GMT",56.31,97,"JPM"
"Thu, 22 Jan 2015 09:36:00 GMT",178.72,30,"GS"
"Thu, 22 Jan 2015 09:36:00 GMT",56.33,-97,"JPM"
"Thu, 22 Jan 2015 09:38:00 GMT",97.56,-56,"PEP"
"Thu, 22 Jan 2015 09:38:00 GMT",43.21,126,"KO"
"Thu, 22 Jan 2015 09:46:00 GMT",97.09,56,"PEP"
"Thu, 22 Jan 2015 09:46:00 GMT",43.14,-126,"KO"
"Thu, 22 Jan 2015 10:22:00 GMT",97.7,56,"PEP"
"Thu, 22 Jan 2015 10:22:00 GMT",43.54,-126,"KO"
"Thu, 22 Jan 2015 10:28:00 GMT",97.83,-56,"PEP"
"Thu, 22 Jan 2015 10:28:00 GMT",43.47,126,"KO"
"Thu, 22 Jan 2015 13:07:00 GMT",180.21,30,"GS"
"Thu, 22 Jan 2015 13:07:00 GMT",57.07,-96,"JPM"
"Thu, 22 Jan 2015 13:36:00 GMT",98.44,-55,"PEP"
"Thu, 22 Jan 2015 13:36:00 GMT",43.58,126,"KO"
"Thu, 22 Jan 2015 13:57:00 GMT",98.52,55,"PEP"
"Thu, 22 Jan 2015 13:57:00 GMT",43.64,-126,"KO"
"Thu, 22 Jan 2015 14:26:00 GMT",181.64,-30,"GS"
"Thu, 22 Jan 2015 14:26:00 GMT",57.37,96,"JPM"
"Fri, 23 Jan 2015 09:33:00 GMT",98.37,-56,"PEP"
"Fri, 23 Jan 2015 09:33:00 GMT",43.27,127,"KO"
"Fri, 23 Jan 2015 09:48:00 GMT",182.18,-30,"GS"
"Fri, 23 Jan 2015 09:48:00 GMT",57.34,96,"JPM"
"Fri, 23 Jan 2015 10:21:00 GMT",98.69,56,"PEP"
"Fri, 23 Jan 2015 10:21:00 GMT",43.61,-127,"KO"
"Fri, 23 Jan 2015 10:35:00 GMT",181.94,30,"GS"
"Fri, 23 Jan 2015 10:35:00 GMT",57.41,-96,"JPM"
"Fri, 23 Jan 2015 12:26:00 GMT",98.68,56,"PEP"
"Fri, 23 Jan 2015 12:26:00 GMT",43.62,-126,"KO"
"Fri, 23 Jan 2015 12:56:00 GMT",98.8,-56,"PEP"
"Fri, 23 Jan 2015 12:56:00 GMT",43.65,126,"KO"
"Fri, 23 Jan 2015 14:31:00 GMT",98.87,-55,"PEP"
"Fri, 23 Jan 2015 14:31:00 GMT",43.56,126,"KO"
"Fri, 23 Jan 2015 14:34:00 GMT",43.55,1,"KO"
"Fri, 23 Jan 2015 14:58:00 GMT",182.36,-30,"GS"
"Fri, 23 Jan 2015 14:58:00 GMT",57.1,96,"JPM"
"Fri, 23 Jan 2015 15:25:00 GMT",181.79,30,"GS"
"Fri, 23 Jan 2015 15:25:00 GMT",57.01,-96,"JPM"
"Mon, 26 Jan 2015 09:32:00 GMT",98.11,-1,"PEP"
"Mon, 26 Jan 2015 09:32:00 GMT",43.07,1,"KO"
"Mon, 26 Jan 2015 09:35:00 GMT",179.38,30,"GS"
"Mon, 26 Jan 2015 09:35:00 GMT",56.74,-97,"JPM"
"Mon, 26 Jan 2015 09:41:00 GMT",98.03,56,"PEP"
"Mon, 26 Jan 2015 09:41:00 GMT",43.19,-128,"KO"
"Mon, 26 Jan 2015 10:27:00 GMT",179.82,-30,"GS"
"Mon, 26 Jan 2015 10:27:00 GMT",56.78,97,"JPM"
"Mon, 26 Jan 2015 10:35:00 GMT",97.84,-56,"PEP"
"Mon, 26 Jan 2015 10:35:00 GMT",42.87,129,"KO"
"Mon, 26 Jan 2015 11:59:00 GMT",98.66,56,"PEP"
"Mon, 26 Jan 2015 11:59:00 GMT",43.1,-129,"KO"
"Mon, 26 Jan 2015 12:54:00 GMT",180,-30,"GS"
"Mon, 26 Jan 2015 12:54:00 GMT",56.68,97,"JPM"
"Mon, 26 Jan 2015 13:06:00 GMT",179.88,30,"GS"
"Mon, 26 Jan 2015 13:06:00 GMT",56.68,-97,"JPM"
"Mon, 26 Jan 2015 13:23:00 GMT",180.16,-30,"GS"
"Mon, 26 Jan 2015 13:23:00 GMT",56.64,97,"JPM"
"Mon, 26 Jan 2015 13:53:00 GMT",180.64,30,"GS"
"Mon, 26 Jan 2015 13:53:00 GMT",56.77,-97,"JPM"
"Mon, 26 Jan 2015 14:28:00 GMT",98.77,-56,"PEP"
"Mon, 26 Jan 2015 14:28:00 GMT",43.01,128,"KO"
"Mon, 26 Jan 2015 15:42:00 GMT",98.55,56,"PEP"
"Mon, 26 Jan 2015 15:42:00 GMT",42.91,-128,"KO"
"Tue, 27 Jan 2015 09:48:00 GMT",97.06,56,"PEP"
"Tue, 27 Jan 2015 09:48:00 GMT",42.59,-129,"KO"
"Tue, 27 Jan 2015 09:49:00 GMT",97.12,1,"PEP"
"Tue, 27 Jan 2015 09:51:00 GMT",42.58,-1,"KO"
"Tue, 27 Jan 2015 11:07:00 GMT",95.86,-57,"PEP"
"Tue, 27 Jan 2015 11:07:00 GMT",42.19,130,"KO"
"Tue, 27 Jan 2015 11:20:00 GMT",95.39,57,"PEP"
"Tue, 27 Jan 2015 11:20:00 GMT",42.23,-130,"KO"
"Tue, 27 Jan 2015 11:25:00 GMT",176.98,31,"GS"
"Tue, 27 Jan 2015 11:25:00 GMT",56.04,-98,"JPM"
"Tue, 27 Jan 2015 11:53:00 GMT",95.66,-57,"PEP"
"Tue, 27 Jan 2015 11:53:00 GMT",42.24,130,"KO"
"Tue, 27 Jan 2015 12:04:00 GMT",176.52,-31,"GS"
"Tue, 27 Jan 2015 12:04:00 GMT",55.9,98,"JPM"
"Wed, 28 Jan 2015 09:34:00 GMT",97.27,56,"PEP"
"Wed, 28 Jan 2015 09:34:00 GMT",42.58,-129,"KO"
"Wed, 28 Jan 2015 09:38:00 GMT",97.35,-56,"PEP"
"Wed, 28 Jan 2015 09:38:00 GMT",42.62,129,"KO"
"Wed, 28 Jan 2015 09:40:00 GMT",177.1,-31,"GS"
"Wed, 28 Jan 2015 09:40:00 GMT",55.98,98,"JPM"
"Wed, 28 Jan 2015 10:41:00 GMT",176.88,31,"GS"
"Wed, 28 Jan 2015 10:41:00 GMT",55.94,-98,"JPM"
"Wed, 28 Jan 2015 13:06:00 GMT",97.05,57,"PEP"
"Wed, 28 Jan 2015 13:06:00 GMT",42.6,-129,"KO"
"Wed, 28 Jan 2015 13:38:00 GMT",96.98,-57,"PEP"
"Wed, 28 Jan 2015 13:38:00 GMT",42.53,129,"KO"
"Wed, 28 Jan 2015 14:13:00 GMT",96.81,-57,"PEP"
"Wed, 28 Jan 2015 14:13:00 GMT",42.34,130,"KO"
"Wed, 28 Jan 2015 14:30:00 GMT",175.57,-31,"GS"
"Wed, 28 Jan 2015 14:30:00 GMT",55.23,100,"JPM"
"Wed, 28 Jan 2015 14:48:00 GMT",96.68,57,"PEP"
"Wed, 28 Jan 2015 14:48:00 GMT",42.34,-130,"KO"
"Wed, 28 Jan 2015 14:52:00 GMT",175.73,31,"GS"
"Wed, 28 Jan 2015 14:52:00 GMT",55.34,-100,"JPM"
"Thu, 29 Jan 2015 09:32:00 GMT",95.43,-58,"PEP"
"Thu, 29 Jan 2015 09:32:00 GMT",41.67,132,"KO"
"Thu, 29 Jan 2015 09:33:00 GMT",41.68,1,"KO"
"Thu, 29 Jan 2015 10:20:00 GMT",95.42,58,"PEP"
"Thu, 29 Jan 2015 10:20:00 GMT",41.68,-133,"KO"
"Thu, 29 Jan 2015 11:17:00 GMT",95.13,58,"PEP"
"Thu, 29 Jan 2015 11:17:00 GMT",41.71,-132,"KO"
"Thu, 29 Jan 2015 11:53:00 GMT",174.76,31,"GS"
"Thu, 29 Jan 2015 11:53:00 GMT",55.41,-99,"JPM"
"Thu, 29 Jan 2015 12:29:00 GMT",95.45,-58,"PEP"
"Thu, 29 Jan 2015 12:29:00 GMT",41.86,132,"KO"
"Thu, 29 Jan 2015 12:47:00 GMT",174.39,-31,"GS"
"Thu, 29 Jan 2015 12:47:00 GMT",55.26,99,"JPM"
"Thu, 29 Jan 2015 13:25:00 GMT",95.44,58,"PEP"
"Thu, 29 Jan 2015 13:25:00 GMT",41.96,-132,"KO"
"Thu, 29 Jan 2015 14:09:00 GMT",95.52,-58,"PEP"
"Thu, 29 Jan 2015 14:09:00 GMT",41.98,132,"KO"
"Thu, 29 Jan 2015 14:13:00 GMT",175.16,31,"GS"
"Thu, 29 Jan 2015 14:13:00 GMT",55.66,-99,"JPM"
"Thu, 29 Jan 2015 14:48:00 GMT",174.97,-31,"GS"
"Thu, 29 Jan 2015 14:48:00 GMT",55.57,99,"JPM"
"Fri, 30 Jan 2015 09:33:00 GMT",174.49,-31,"GS"
"Fri, 30 Jan 2015 09:33:00 GMT",54.93,100,"JPM"
"Fri, 30 Jan 2015 09:34:00 GMT",94.98,58,"PEP"
"Fri, 30 Jan 2015 09:34:00 GMT",41.88,-132,"KO"
"Fri, 30 Jan 2015 09:51:00 GMT",95.06,-58,"PEP"
"Fri, 30 Jan 2015 09:51:00 GMT",41.74,132,"KO"
"Fri, 30 Jan 2015 09:59:00 GMT",174.14,31,"GS"
"Fri, 30 Jan 2015 09:59:00 GMT",55.05,-100,"JPM"
"Fri, 30 Jan 2015 14:03:00 GMT",174.44,31,"GS"
"Fri, 30 Jan 2015 14:03:00 GMT",55.06,-101,"JPM"
"Fri, 30 Jan 2015 14:37:00 GMT",175.25,-31,"GS"
"Fri, 30 Jan 2015 14:37:00 GMT",55.26,101,"JPM"
"Fri, 30 Jan 2015 15:22:00 GMT",93.89,-59,"PEP"
"Fri, 30 Jan 2015 15:22:00 GMT",41.25,135,"KO"